<?xml version="1.0" encoding="windows-1252" ?>
<!DOCTYPE ViewLink SYSTEM "jbo_03_01.dtd">
<!---->
<ViewLink
  xmlns="http://xmlns.oracle.com/bc4j"
  Name="OrdersPaymentOptionsFkLink"
  Version="11.1.1.64.93"
  InheritPersonalization="true"
  EntityAssociation="model.mwgl.eo.assoc.OrdersPaymentOptionsFkAssoc">
  <DesignTime>
    <Attr Name="_isCodegen" Value="true"/>
  </DesignTime>
  <ViewLinkDefEnd
    Name="PaymentOptionsVO"
    Cardinality="1"
    Owner="model.mwgl.vo.PaymentOptionsVO"
    Source="true">
    <DesignTime>
      <Attr Name="_finderName" Value="PaymentOptionsVO"/>
      <Attr Name="_isUpdateable" Value="true"/>
    </DesignTime>
    <AttrArray Name="Attributes">
      <Item Value="model.mwgl.vo.PaymentOptionsVO.PaymentOptionId"/>
    </AttrArray>
  </ViewLinkDefEnd>
  <ViewLinkDefEnd
    Name="OrdersVO"
    Cardinality="-1"
    Owner="model.mwgl.vo.OrdersVO">
    <DesignTime>
      <Attr Name="_finderName" Value="OrdersVO"/>
      <Attr Name="_isUpdateable" Value="true"/>
    </DesignTime>
    <AttrArray Name="Attributes">
      <Item Value="model.mwgl.vo.OrdersVO.PaymentOptionId"/>
    </AttrArray>
  </ViewLinkDefEnd>
</ViewLink>
