<?xml version="1.0" encoding="windows-1252" ?>
<!DOCTYPE Association SYSTEM "jbo_03_01.dtd">
<!---->
<Association
  xmlns="http://xmlns.oracle.com/bc4j"
  Name="OrdersAddressesFkAssoc"
  Version="11.1.1.64.93"
  InheritPersonalization="true">
  <DesignTime>
    <Attr Name="_isCodegen" Value="true"/>
  </DesignTime>
  <AssociationEnd
    Name="AddressesEO"
    Cardinality="1"
    Source="true"
    Owner="model.mwgl.eo.AddressesEO">
    <DesignTime>
      <Attr Name="_aggregation" Value="0"/>
      <Attr Name="_finderName" Value="AddressesEO"/>
      <Attr Name="_foreignKey" Value="model.mwgl.eo.AddressesEO.AddressesPk"/>
      <Attr Name="_isUpdateable" Value="true"/>
      <Attr Name="_minCardinality" Value="1"/>
    </DesignTime>
    <AttrArray Name="Attributes">
      <Item Value="model.mwgl.eo.AddressesEO.AddressId"/>
    </AttrArray>
  </AssociationEnd>
  <AssociationEnd
    Name="OrdersEO"
    Cardinality="-1"
    Owner="model.mwgl.eo.OrdersEO">
    <DesignTime>
      <Attr Name="_aggregation" Value="0"/>
      <Attr Name="_finderName" Value="OrdersEO"/>
      <Attr Name="_foreignKey"
        Value="model.mwgl.eo.OrdersEO.OrdersAddressesFk"/>
      <Attr Name="_isUpdateable" Value="true"/>
    </DesignTime>
    <AttrArray Name="Attributes">
      <Item Value="model.mwgl.eo.OrdersEO.ShipToAddressId"/>
    </AttrArray>
  </AssociationEnd>
</Association>
