<?xml version="1.0" encoding="windows-1252" ?>
<!DOCTYPE Association SYSTEM "jbo_03_01.dtd">
<!---->
<Association
  xmlns="http://xmlns.oracle.com/bc4j"
  Name="OrderItemsOrdersFkAssoc"
  Version="11.1.1.64.93"
  InheritPersonalization="true">
  <DesignTime>
    <Attr Name="_isCodegen" Value="true"/>
  </DesignTime>
  <AssociationEnd
    Name="OrdersEO"
    Cardinality="1"
    Source="true"
    Owner="model.mwgl.eo.OrdersEO">
    <DesignTime>
      <Attr Name="_aggregation" Value="0"/>
      <Attr Name="_finderName" Value="OrdersEO"/>
      <Attr Name="_foreignKey" Value="model.mwgl.eo.OrdersEO.OrdersPk"/>
      <Attr Name="_isUpdateable" Value="true"/>
      <Attr Name="_minCardinality" Value="1"/>
    </DesignTime>
    <AttrArray Name="Attributes">
      <Item Value="model.mwgl.eo.OrdersEO.OrderId"/>
    </AttrArray>
  </AssociationEnd>
  <AssociationEnd
    Name="OrderItemsEO"
    Cardinality="-1"
    Owner="model.mwgl.eo.OrderItemsEO">
    <DesignTime>
      <Attr Name="_aggregation" Value="0"/>
      <Attr Name="_finderName" Value="OrderItemsEO"/>
      <Attr Name="_foreignKey"
        Value="model.mwgl.eo.OrderItemsEO.OrderItemsOrdersFk"/>
      <Attr Name="_isUpdateable" Value="true"/>
    </DesignTime>
    <AttrArray Name="Attributes">
      <Item Value="model.mwgl.eo.OrderItemsEO.OrderId"/>
    </AttrArray>
  </AssociationEnd>
</Association>
