<?xml version="1.0" encoding="windows-1252" ?>
<!DOCTYPE Association SYSTEM "jbo_03_01.dtd">
<!---->
<Association
  xmlns="http://xmlns.oracle.com/bc4j"
  Name="PaymentOptionsPersonsFkAssoc"
  Version="11.1.1.64.93"
  InheritPersonalization="true">
  <DesignTime>
    <Attr Name="_isCodegen" Value="true"/>
  </DesignTime>
  <AssociationEnd
    Name="PersonsEO"
    Cardinality="1"
    Source="true"
    Owner="model.mwgl.eo.PersonsEO">
    <DesignTime>
      <Attr Name="_aggregation" Value="0"/>
      <Attr Name="_finderName" Value="PersonsEO"/>
      <Attr Name="_foreignKey" Value="model.mwgl.eo.PersonsEO.PersonsPk"/>
      <Attr Name="_isUpdateable" Value="true"/>
      <Attr Name="_minCardinality" Value="1"/>
    </DesignTime>
    <AttrArray Name="Attributes">
      <Item Value="model.mwgl.eo.PersonsEO.PersonId"/>
    </AttrArray>
  </AssociationEnd>
  <AssociationEnd
    Name="PaymentOptionsEO"
    Cardinality="-1"
    Owner="model.mwgl.eo.PaymentOptionsEO">
    <DesignTime>
      <Attr Name="_aggregation" Value="0"/>
      <Attr Name="_finderName" Value="PaymentOptionsEO"/>
      <Attr Name="_foreignKey"
        Value="model.mwgl.eo.PaymentOptionsEO.PaymentOptionsPersonsFk"/>
      <Attr Name="_isUpdateable" Value="true"/>
    </DesignTime>
    <AttrArray Name="Attributes">
      <Item Value="model.mwgl.eo.PaymentOptionsEO.CustomerId"/>
    </AttrArray>
  </AssociationEnd>
</Association>
