<?xml version="1.0" encoding="windows-1252" ?>
<adfc-config xmlns="http://xmlns.oracle.com/adf/controller" version="1.2">
  <managed-bean id="__1">
    <managed-bean-name id="__3">MyOrderBean</managed-bean-name>
    <managed-bean-class id="__2">mwgl.Bean.MyOrderBean</managed-bean-class>
    <managed-bean-scope id="__4">pageFlow</managed-bean-scope>
  </managed-bean>
  <managed-bean id="__7">
    <managed-bean-name id="__8">CheckOutBean</managed-bean-name>
    <managed-bean-class id="__5">view.bean.CheckOutBean</managed-bean-class>
    <managed-bean-scope id="__6">session</managed-bean-scope>
  </managed-bean>
  <managed-bean id="__10">
    <managed-bean-name id="__11">MyProfileBean</managed-bean-name>
    <managed-bean-class id="__9">view.bean.MyProfileBean</managed-bean-class>
    <managed-bean-scope id="__12">session</managed-bean-scope>
  </managed-bean>
</adfc-config>
