<?xml version="1.0" encoding="windows-1252" ?>
<adfc-config xmlns="http://xmlns.oracle.com/adf/controller" version="1.2">
  <task-flow-definition id="employee-registration-task-flow-definition">
    <default-activity id="__1">userRegistrationCreate</default-activity>
    <view id="basicEmployeeInformation">
      <page>/basicEmployeeInformation.jsff</page>
      <train-stop id="__3"/>
    </view>
    <view id="reviewEmployeeInformation">
      <page>/reviewEmployeeInformation.jsff</page>
      <train-stop id="__4"/>
    </view>
    <method-call id="userRegistrationCreate">
      <method>#{bindings.userRegistrationCreate.execute}</method>
      <outcome id="__15">
        <fixed-outcome>userRegistrationCreate</fixed-outcome>
      </outcome>
    </method-call>
    <train/>
    <control-flow-rule id="__10">
      <from-activity-id id="__11">basicEmployeeInformation</from-activity-id>
      <control-flow-case id="__13">
        <from-outcome id="__14">go</from-outcome>
        <to-activity-id id="__12">reviewEmployeeInformation</to-activity-id>
      </control-flow-case>
    </control-flow-rule>
    <control-flow-rule id="__16">
      <from-activity-id id="__17">userRegistrationCreate</from-activity-id>
      <control-flow-case id="__18">
        <from-outcome id="__19">userRegistrationCreate</from-outcome>
        <to-activity-id id="__20">basicEmployeeInformation</to-activity-id>
      </control-flow-case>
    </control-flow-rule>
    <use-page-fragments/>
  </task-flow-definition>
</adfc-config>
