<?xml version="1.0" encoding="windows-1252" ?>
<!DOCTYPE Entity SYSTEM "jbo_03_01.dtd">
<!---->
<Entity
  xmlns="http://xmlns.oracle.com/bc4j"
  Name="AddressesEO"
  Version="11.1.1.64.93"
  InheritPersonalization="true"
  DBObjectType="table"
  DBObjectName="ADDRESSES"
  AliasName="AddressesEO"
  BindingStyle="OracleName"
  UseGlueCode="false"
  RowClass="model.mwgl.eo.AddressesEOImpl"
  DefClass="model.mwgl.eo.AddressesEODefImpl"
  CollClass="model.mwgl.eo.AddressesEOCollImpl">
  <DesignTime>
    <Attr Name="_codeGenFlag2" Value="Init|Delete|Access|DML|Def|Coll"/>
    <AttrArray Name="_publishEvents"/>
    <Attr Name="_isCodegen" Value="true"/>
  </DesignTime>
  <Attribute
    Name="AddressId"
    Precision="15"
    Scale="0"
    ColumnName="ADDRESS_ID"
    SQLType="NUMERIC"
    Type="oracle.jbo.domain.DBSequence"
    ColumnType="NUMBER"
    TableName="ADDRESSES"
    PrimaryKey="true"
    IsUpdateable="while_insert"
    DefaultValue="@0"
    Domain="oracle.jbo.domain.DBSequence"
    RetrievedOnInsert="true">
    <DesignTime>
      <Attr Name="_DisplaySize" Value="16"/>
    </DesignTime>
  </Attribute>
  <Attribute
    Name="Address1"
    IsNotNull="true"
    Precision="40"
    ColumnName="ADDRESS1"
    SQLType="VARCHAR"
    Type="java.lang.String"
    ColumnType="VARCHAR2"
    TableName="ADDRESSES">
    <DesignTime>
      <Attr Name="_DisplaySize" Value="40"/>
    </DesignTime>
  </Attribute>
  <Attribute
    Name="Address2"
    Precision="40"
    ColumnName="ADDRESS2"
    SQLType="VARCHAR"
    Type="java.lang.String"
    ColumnType="VARCHAR2"
    TableName="ADDRESSES">
    <DesignTime>
      <Attr Name="_DisplaySize" Value="40"/>
    </DesignTime>
  </Attribute>
  <Attribute
    Name="City"
    IsNotNull="true"
    Precision="40"
    ColumnName="CITY"
    SQLType="VARCHAR"
    Type="java.lang.String"
    ColumnType="VARCHAR2"
    TableName="ADDRESSES">
    <DesignTime>
      <Attr Name="_DisplaySize" Value="40"/>
    </DesignTime>
  </Attribute>
  <Attribute
    Name="PostalCode"
    Precision="12"
    ColumnName="POSTAL_CODE"
    SQLType="VARCHAR"
    Type="java.lang.String"
    ColumnType="VARCHAR2"
    TableName="ADDRESSES">
    <DesignTime>
      <Attr Name="_DisplaySize" Value="12"/>
    </DesignTime>
  </Attribute>
  <Attribute
    Name="StateProvince"
    IsNotNull="true"
    Precision="40"
    ColumnName="STATE_PROVINCE"
    SQLType="VARCHAR"
    Type="java.lang.String"
    ColumnType="VARCHAR2"
    TableName="ADDRESSES">
    <DesignTime>
      <Attr Name="_DisplaySize" Value="40"/>
    </DesignTime>
  </Attribute>
  <Attribute
    Name="CountryId"
    IsNotNull="true"
    Precision="2"
    ColumnName="COUNTRY_ID"
    SQLType="CHAR"
    Type="java.lang.String"
    ColumnType="CHAR"
    TableName="ADDRESSES"
    RetrievedOnUpdate="true"
    RetrievedOnInsert="true">
    <DesignTime>
      <Attr Name="_DisplaySize" Value="2"/>
    </DesignTime>
  </Attribute>
  <Attribute
    Name="Longitude"
    ColumnName="LONGITUDE"
    SQLType="NUMERIC"
    Type="oracle.jbo.domain.Number"
    ColumnType="NUMBER"
    TableName="ADDRESSES">
    <DesignTime>
      <Attr Name="_DisplaySize" Value="39"/>
    </DesignTime>
  </Attribute>
  <Attribute
    Name="Latitude"
    ColumnName="LATITUDE"
    SQLType="NUMERIC"
    Type="oracle.jbo.domain.Number"
    ColumnType="NUMBER"
    TableName="ADDRESSES">
    <DesignTime>
      <Attr Name="_DisplaySize" Value="39"/>
    </DesignTime>
  </Attribute>
  <Attribute
    Name="CreatedBy"
    IsNotNull="true"
    Precision="60"
    ColumnName="CREATED_BY"
    SQLType="VARCHAR"
    Type="java.lang.String"
    ColumnType="VARCHAR2"
    TableName="ADDRESSES"
    HistoryColumn="UserHistory"
    IsUpdateable="while_insert">
    <DesignTime>
      <Attr Name="_DisplaySize" Value="60"/>
    </DesignTime>
  </Attribute>
  <Attribute
    Name="CreationDate"
    IsNotNull="true"
    ColumnName="CREATION_DATE"
    SQLType="TIMESTAMP"
    Type="oracle.jbo.domain.Date"
    ColumnType="DATE"
    TableName="ADDRESSES"
    IsUpdateable="while_insert"
    HistoryColumn="DateHistory">
    <DesignTime>
      <Attr Name="_DisplaySize" Value="7"/>
    </DesignTime>
  </Attribute>
  <Attribute
    Name="LastUpdatedBy"
    IsNotNull="true"
    Precision="60"
    ColumnName="LAST_UPDATED_BY"
    SQLType="VARCHAR"
    Type="java.lang.String"
    ColumnType="VARCHAR2"
    TableName="ADDRESSES"
    HistoryColumn="UserHistory">
    <DesignTime>
      <Attr Name="_DisplaySize" Value="60"/>
    </DesignTime>
  </Attribute>
  <Attribute
    Name="LastUpdateDate"
    IsNotNull="true"
    ColumnName="LAST_UPDATE_DATE"
    SQLType="TIMESTAMP"
    Type="oracle.jbo.domain.Date"
    ColumnType="DATE"
    TableName="ADDRESSES"
    HistoryColumn="DateHistory">
    <DesignTime>
      <Attr Name="_DisplaySize" Value="7"/>
    </DesignTime>
  </Attribute>
  <Attribute
    Name="ObjectVersionId"
    IsNotNull="true"
    Precision="15"
    Scale="0"
    ColumnName="OBJECT_VERSION_ID"
    SQLType="NUMERIC"
    Type="oracle.jbo.domain.Number"
    ColumnType="NUMBER"
    TableName="ADDRESSES"
    HistoryColumn="VersionHistory">
    <DesignTime>
      <Attr Name="_DisplaySize" Value="16"/>
    </DesignTime>
  </Attribute>
  <AccessorAttribute
    Name="OrdersEO"
    Association="model.mwgl.eo.assoc.OrdersAddressesFkAssoc"
    AssociationEnd="model.mwgl.eo.assoc.OrdersAddressesFkAssoc.OrdersEO"
    AssociationOtherEnd="model.mwgl.eo.assoc.OrdersAddressesFkAssoc.AddressesEO"
    Type="oracle.jbo.RowIterator"
    IsUpdateable="false"/>
  <AccessorAttribute
    Name="PersonsEO"
    Association="model.mwgl.eo.assoc.PersonsAddressesFkAssoc"
    AssociationEnd="model.mwgl.eo.assoc.PersonsAddressesFkAssoc.PersonsEO"
    AssociationOtherEnd="model.mwgl.eo.assoc.PersonsAddressesFkAssoc.AddressesEO"
    Type="oracle.jbo.RowIterator"
    IsUpdateable="false"/>
  <AccessorAttribute
    Name="AddressUsagesEO"
    Association="model.mwgl.eo.assoc.AddressUsagesAddressesFkAssoc"
    AssociationEnd="model.mwgl.eo.assoc.AddressUsagesAddressesFkAssoc.AddressUsagesEO"
    AssociationOtherEnd="model.mwgl.eo.assoc.AddressUsagesAddressesFkAssoc.AddressesEO"
    Type="oracle.jbo.RowIterator"
    IsUpdateable="false"/>
  <Key
    Name="AddressesPk"
    PrimaryKey="true">
    <DesignTime>
      <Attr Name="_DBObjectName" Value="ADDRESSES_PK"/>
    </DesignTime>
    <AttrArray Name="Attributes">
      <Item Value="model.mwgl.eo.AddressesEO.AddressId"/>
    </AttrArray>
  </Key>
  <Key
    Name="SysC007523">
    <DesignTime>
      <Attr Name="_DBObjectName" Value="SYS_C007523"/>
      <Attr Name="_checkCondition" Value='"ADDRESS_ID" IS NOT NULL'/>
      <Attr Name="_isCheck" Value="true"/>
    </DesignTime>
    <AttrArray Name="Attributes"/>
  </Key>
  <Key
    Name="SysC007524">
    <DesignTime>
      <Attr Name="_DBObjectName" Value="SYS_C007524"/>
      <Attr Name="_checkCondition" Value='"ADDRESS1" IS NOT NULL'/>
      <Attr Name="_isCheck" Value="true"/>
    </DesignTime>
    <AttrArray Name="Attributes">
      <Item Value="model.mwgl.eo.AddressesEO.Address1"/>
    </AttrArray>
  </Key>
  <Key
    Name="SysC007525">
    <DesignTime>
      <Attr Name="_DBObjectName" Value="SYS_C007525"/>
      <Attr Name="_checkCondition" Value='"CITY" IS NOT NULL'/>
      <Attr Name="_isCheck" Value="true"/>
    </DesignTime>
    <AttrArray Name="Attributes">
      <Item Value="model.mwgl.eo.AddressesEO.City"/>
    </AttrArray>
  </Key>
  <Key
    Name="SysC007526">
    <DesignTime>
      <Attr Name="_DBObjectName" Value="SYS_C007526"/>
      <Attr Name="_checkCondition" Value='"STATE_PROVINCE" IS NOT NULL'/>
      <Attr Name="_isCheck" Value="true"/>
    </DesignTime>
    <AttrArray Name="Attributes">
      <Item Value="model.mwgl.eo.AddressesEO.StateProvince"/>
    </AttrArray>
  </Key>
  <Key
    Name="SysC007527">
    <DesignTime>
      <Attr Name="_DBObjectName" Value="SYS_C007527"/>
      <Attr Name="_checkCondition" Value='"COUNTRY_ID" IS NOT NULL'/>
      <Attr Name="_isCheck" Value="true"/>
    </DesignTime>
    <AttrArray Name="Attributes">
      <Item Value="model.mwgl.eo.AddressesEO.CountryId"/>
    </AttrArray>
  </Key>
  <Key
    Name="SysC007528">
    <DesignTime>
      <Attr Name="_DBObjectName" Value="SYS_C007528"/>
      <Attr Name="_checkCondition" Value='"CREATED_BY" IS NOT NULL'/>
      <Attr Name="_isCheck" Value="true"/>
    </DesignTime>
    <AttrArray Name="Attributes">
      <Item Value="model.mwgl.eo.AddressesEO.CreatedBy"/>
    </AttrArray>
  </Key>
  <Key
    Name="SysC007529">
    <DesignTime>
      <Attr Name="_DBObjectName" Value="SYS_C007529"/>
      <Attr Name="_checkCondition" Value='"CREATION_DATE" IS NOT NULL'/>
      <Attr Name="_isCheck" Value="true"/>
    </DesignTime>
    <AttrArray Name="Attributes">
      <Item Value="model.mwgl.eo.AddressesEO.CreationDate"/>
    </AttrArray>
  </Key>
  <Key
    Name="SysC007530">
    <DesignTime>
      <Attr Name="_DBObjectName" Value="SYS_C007530"/>
      <Attr Name="_checkCondition" Value='"LAST_UPDATED_BY" IS NOT NULL'/>
      <Attr Name="_isCheck" Value="true"/>
    </DesignTime>
    <AttrArray Name="Attributes">
      <Item Value="model.mwgl.eo.AddressesEO.LastUpdatedBy"/>
    </AttrArray>
  </Key>
  <Key
    Name="SysC007531">
    <DesignTime>
      <Attr Name="_DBObjectName" Value="SYS_C007531"/>
      <Attr Name="_checkCondition" Value='"LAST_UPDATE_DATE" IS NOT NULL'/>
      <Attr Name="_isCheck" Value="true"/>
    </DesignTime>
    <AttrArray Name="Attributes">
      <Item Value="model.mwgl.eo.AddressesEO.LastUpdateDate"/>
    </AttrArray>
  </Key>
  <Key
    Name="SysC007532">
    <DesignTime>
      <Attr Name="_DBObjectName" Value="SYS_C007532"/>
      <Attr Name="_checkCondition" Value='"OBJECT_VERSION_ID" IS NOT NULL'/>
      <Attr Name="_isCheck" Value="true"/>
    </DesignTime>
    <AttrArray Name="Attributes">
      <Item Value="model.mwgl.eo.AddressesEO.ObjectVersionId"/>
    </AttrArray>
  </Key>
</Entity>
