<?xml version="1.0" encoding="windows-1252" ?>
<!DOCTYPE Entity SYSTEM "jbo_03_01.dtd">
<!---->
<Entity
  xmlns="http://xmlns.oracle.com/bc4j"
  Name="CountryCodesEO"
  Version="11.1.1.64.93"
  InheritPersonalization="true"
  DBObjectType="table"
  DBObjectName="COUNTRY_CODES"
  AliasName="CountryCodesEO"
  BindingStyle="OracleName"
  UseGlueCode="false">
  <DesignTime>
    <AttrArray Name="_publishEvents"/>
  </DesignTime>
  <Attribute
    Name="IsoCountryCode"
    IsNotNull="true"
    Precision="2"
    ColumnName="ISO_COUNTRY_CODE"
    SQLType="VARCHAR"
    Type="java.lang.String"
    ColumnType="VARCHAR2"
    TableName="COUNTRY_CODES"
    PrimaryKey="true">
    <DesignTime>
      <Attr Name="_DisplaySize" Value="2"/>
    </DesignTime>
  </Attribute>
  <Attribute
    Name="CountryName"
    Precision="100"
    ColumnName="COUNTRY_NAME"
    SQLType="VARCHAR"
    Type="java.lang.String"
    ColumnType="VARCHAR2"
    TableName="COUNTRY_CODES">
    <DesignTime>
      <Attr Name="_DisplaySize" Value="100"/>
    </DesignTime>
  </Attribute>
  <Attribute
    Name="Language"
    IsNotNull="true"
    Precision="30"
    ColumnName="LANGUAGE"
    SQLType="VARCHAR"
    Type="java.lang.String"
    ColumnType="VARCHAR2"
    TableName="COUNTRY_CODES"
    PrimaryKey="true">
    <DesignTime>
      <Attr Name="_DisplaySize" Value="30"/>
    </DesignTime>
  </Attribute>
  <Attribute
    Name="SourceLang"
    Precision="30"
    ColumnName="SOURCE_LANG"
    SQLType="VARCHAR"
    Type="java.lang.String"
    ColumnType="VARCHAR2"
    TableName="COUNTRY_CODES">
    <DesignTime>
      <Attr Name="_DisplaySize" Value="30"/>
    </DesignTime>
  </Attribute>
  <Attribute
    Name="CreatedBy"
    IsNotNull="true"
    Precision="60"
    ColumnName="CREATED_BY"
    SQLType="VARCHAR"
    Type="java.lang.String"
    ColumnType="VARCHAR2"
    TableName="COUNTRY_CODES">
    <DesignTime>
      <Attr Name="_DisplaySize" Value="60"/>
    </DesignTime>
  </Attribute>
  <Attribute
    Name="CreationDate"
    IsNotNull="true"
    ColumnName="CREATION_DATE"
    SQLType="TIMESTAMP"
    Type="oracle.jbo.domain.Date"
    ColumnType="DATE"
    TableName="COUNTRY_CODES">
    <DesignTime>
      <Attr Name="_DisplaySize" Value="7"/>
    </DesignTime>
  </Attribute>
  <Attribute
    Name="LastUpdatedBy"
    IsNotNull="true"
    Precision="60"
    ColumnName="LAST_UPDATED_BY"
    SQLType="VARCHAR"
    Type="java.lang.String"
    ColumnType="VARCHAR2"
    TableName="COUNTRY_CODES">
    <DesignTime>
      <Attr Name="_DisplaySize" Value="60"/>
    </DesignTime>
  </Attribute>
  <Attribute
    Name="LastUpdateDate"
    IsNotNull="true"
    ColumnName="LAST_UPDATE_DATE"
    SQLType="TIMESTAMP"
    Type="oracle.jbo.domain.Date"
    ColumnType="DATE"
    TableName="COUNTRY_CODES">
    <DesignTime>
      <Attr Name="_DisplaySize" Value="7"/>
    </DesignTime>
  </Attribute>
  <Attribute
    Name="ObjectVersionId"
    IsNotNull="true"
    Precision="15"
    Scale="0"
    ColumnName="OBJECT_VERSION_ID"
    SQLType="NUMERIC"
    Type="oracle.jbo.domain.Number"
    ColumnType="NUMBER"
    TableName="COUNTRY_CODES">
    <DesignTime>
      <Attr Name="_DisplaySize" Value="16"/>
    </DesignTime>
  </Attribute>
  <Key
    Name="CountryCodesPk"
    PrimaryKey="true">
    <DesignTime>
      <Attr Name="_DBObjectName" Value="COUNTRY_CODES_PK"/>
    </DesignTime>
    <AttrArray Name="Attributes">
      <Item Value="model.mwgl.eo.CountryCodesEO.IsoCountryCode"/>
      <Item Value="model.mwgl.eo.CountryCodesEO.Language"/>
    </AttrArray>
  </Key>
  <Key
    Name="SysC007534">
    <DesignTime>
      <Attr Name="_DBObjectName" Value="SYS_C007534"/>
      <Attr Name="_checkCondition" Value='"ISO_COUNTRY_CODE" IS NOT NULL'/>
      <Attr Name="_isCheck" Value="true"/>
    </DesignTime>
    <AttrArray Name="Attributes">
      <Item Value="model.mwgl.eo.CountryCodesEO.IsoCountryCode"/>
    </AttrArray>
  </Key>
  <Key
    Name="SysC007535">
    <DesignTime>
      <Attr Name="_DBObjectName" Value="SYS_C007535"/>
      <Attr Name="_checkCondition" Value='"LANGUAGE" IS NOT NULL'/>
      <Attr Name="_isCheck" Value="true"/>
    </DesignTime>
    <AttrArray Name="Attributes">
      <Item Value="model.mwgl.eo.CountryCodesEO.Language"/>
    </AttrArray>
  </Key>
  <Key
    Name="SysC007536">
    <DesignTime>
      <Attr Name="_DBObjectName" Value="SYS_C007536"/>
      <Attr Name="_checkCondition" Value='"CREATED_BY" IS NOT NULL'/>
      <Attr Name="_isCheck" Value="true"/>
    </DesignTime>
    <AttrArray Name="Attributes">
      <Item Value="model.mwgl.eo.CountryCodesEO.CreatedBy"/>
    </AttrArray>
  </Key>
  <Key
    Name="SysC007537">
    <DesignTime>
      <Attr Name="_DBObjectName" Value="SYS_C007537"/>
      <Attr Name="_checkCondition" Value='"CREATION_DATE" IS NOT NULL'/>
      <Attr Name="_isCheck" Value="true"/>
    </DesignTime>
    <AttrArray Name="Attributes">
      <Item Value="model.mwgl.eo.CountryCodesEO.CreationDate"/>
    </AttrArray>
  </Key>
  <Key
    Name="SysC007538">
    <DesignTime>
      <Attr Name="_DBObjectName" Value="SYS_C007538"/>
      <Attr Name="_checkCondition" Value='"LAST_UPDATED_BY" IS NOT NULL'/>
      <Attr Name="_isCheck" Value="true"/>
    </DesignTime>
    <AttrArray Name="Attributes">
      <Item Value="model.mwgl.eo.CountryCodesEO.LastUpdatedBy"/>
    </AttrArray>
  </Key>
  <Key
    Name="SysC007539">
    <DesignTime>
      <Attr Name="_DBObjectName" Value="SYS_C007539"/>
      <Attr Name="_checkCondition" Value='"LAST_UPDATE_DATE" IS NOT NULL'/>
      <Attr Name="_isCheck" Value="true"/>
    </DesignTime>
    <AttrArray Name="Attributes">
      <Item Value="model.mwgl.eo.CountryCodesEO.LastUpdateDate"/>
    </AttrArray>
  </Key>
  <Key
    Name="SysC007540">
    <DesignTime>
      <Attr Name="_DBObjectName" Value="SYS_C007540"/>
      <Attr Name="_checkCondition" Value='"OBJECT_VERSION_ID" IS NOT NULL'/>
      <Attr Name="_isCheck" Value="true"/>
    </DesignTime>
    <AttrArray Name="Attributes">
      <Item Value="model.mwgl.eo.CountryCodesEO.ObjectVersionId"/>
    </AttrArray>
  </Key>
</Entity>
