<?xml version="1.0" encoding="windows-1252" ?>
<!DOCTYPE Entity SYSTEM "jbo_03_01.dtd">
<!---->
<Entity
  xmlns="http://xmlns.oracle.com/bc4j"
  Name="CustomerInterestsEO"
  Version="11.1.1.64.93"
  InheritPersonalization="true"
  DBObjectType="table"
  DBObjectName="CUSTOMER_INTERESTS"
  AliasName="CustomerInterestsEO"
  BindingStyle="OracleName"
  UseGlueCode="false">
  <DesignTime>
    <AttrArray Name="_publishEvents"/>
  </DesignTime>
  <Attribute
    Name="CustomerId"
    IsUnique="true"
    IsNotNull="true"
    Precision="15"
    Scale="0"
    ColumnName="CUSTOMER_ID"
    SQLType="NUMERIC"
    Type="oracle.jbo.domain.Number"
    ColumnType="NUMBER"
    TableName="CUSTOMER_INTERESTS">
    <DesignTime>
      <Attr Name="_DisplaySize" Value="16"/>
    </DesignTime>
  </Attribute>
  <Attribute
    Name="CustomerInterestsId"
    IsNotNull="true"
    Precision="15"
    Scale="0"
    ColumnName="CUSTOMER_INTERESTS_ID"
    SQLType="NUMERIC"
    Type="oracle.jbo.domain.Number"
    ColumnType="NUMBER"
    TableName="CUSTOMER_INTERESTS"
    PrimaryKey="true">
    <DesignTime>
      <Attr Name="_DisplaySize" Value="16"/>
    </DesignTime>
  </Attribute>
  <Attribute
    Name="CategoryId"
    IsUnique="true"
    IsNotNull="true"
    Precision="15"
    Scale="0"
    ColumnName="CATEGORY_ID"
    SQLType="NUMERIC"
    Type="oracle.jbo.domain.Number"
    ColumnType="NUMBER"
    TableName="CUSTOMER_INTERESTS">
    <DesignTime>
      <Attr Name="_DisplaySize" Value="16"/>
    </DesignTime>
  </Attribute>
  <Attribute
    Name="CreatedBy"
    IsNotNull="true"
    Precision="60"
    ColumnName="CREATED_BY"
    SQLType="VARCHAR"
    Type="java.lang.String"
    ColumnType="VARCHAR2"
    TableName="CUSTOMER_INTERESTS">
    <DesignTime>
      <Attr Name="_DisplaySize" Value="60"/>
    </DesignTime>
  </Attribute>
  <Attribute
    Name="CreationDate"
    IsNotNull="true"
    ColumnName="CREATION_DATE"
    SQLType="TIMESTAMP"
    Type="oracle.jbo.domain.Date"
    ColumnType="DATE"
    TableName="CUSTOMER_INTERESTS">
    <DesignTime>
      <Attr Name="_DisplaySize" Value="7"/>
    </DesignTime>
  </Attribute>
  <Attribute
    Name="LastUpdatedBy"
    IsNotNull="true"
    Precision="60"
    ColumnName="LAST_UPDATED_BY"
    SQLType="VARCHAR"
    Type="java.lang.String"
    ColumnType="VARCHAR2"
    TableName="CUSTOMER_INTERESTS">
    <DesignTime>
      <Attr Name="_DisplaySize" Value="60"/>
    </DesignTime>
  </Attribute>
  <Attribute
    Name="LastUpdateDate"
    IsNotNull="true"
    ColumnName="LAST_UPDATE_DATE"
    SQLType="TIMESTAMP"
    Type="oracle.jbo.domain.Date"
    ColumnType="DATE"
    TableName="CUSTOMER_INTERESTS">
    <DesignTime>
      <Attr Name="_DisplaySize" Value="7"/>
    </DesignTime>
  </Attribute>
  <Attribute
    Name="ObjectVersionId"
    IsNotNull="true"
    Precision="15"
    Scale="0"
    ColumnName="OBJECT_VERSION_ID"
    SQLType="NUMERIC"
    Type="oracle.jbo.domain.Number"
    ColumnType="NUMBER"
    TableName="CUSTOMER_INTERESTS">
    <DesignTime>
      <Attr Name="_DisplaySize" Value="16"/>
    </DesignTime>
  </Attribute>
  <AccessorAttribute
    Name="PersonsEO"
    Association="model.mwgl.eo.assoc.CustomerInterestsPersonFk1Assoc"
    AssociationEnd="model.mwgl.eo.assoc.CustomerInterestsPersonFk1Assoc.PersonsEO"
    AssociationOtherEnd="model.mwgl.eo.assoc.CustomerInterestsPersonFk1Assoc.CustomerInterestsEO"
    Type="oracle.jbo.server.EntityImpl"
    IsUpdateable="true"/>
  <Key
    Name="CustomerCategoryIdUnique">
    <DesignTime>
      <Attr Name="_isUnique" Value="true"/>
      <Attr Name="_DBObjectName" Value="CUSTOMER_CATEGORY_ID_UNIQUE"/>
    </DesignTime>
    <AttrArray Name="Attributes">
      <Item Value="model.mwgl.eo.CustomerInterestsEO.CustomerId"/>
      <Item Value="model.mwgl.eo.CustomerInterestsEO.CategoryId"/>
    </AttrArray>
  </Key>
  <Key
    Name="CustomerInterestsPk"
    PrimaryKey="true">
    <DesignTime>
      <Attr Name="_DBObjectName" Value="CUSTOMER_INTERESTS_PK"/>
    </DesignTime>
    <AttrArray Name="Attributes">
      <Item Value="model.mwgl.eo.CustomerInterestsEO.CustomerInterestsId"/>
    </AttrArray>
  </Key>
  <Key
    Name="SysC007725">
    <DesignTime>
      <Attr Name="_DBObjectName" Value="SYS_C007725"/>
      <Attr Name="_checkCondition" Value='"CUSTOMER_ID" IS NOT NULL'/>
      <Attr Name="_isCheck" Value="true"/>
    </DesignTime>
    <AttrArray Name="Attributes">
      <Item Value="model.mwgl.eo.CustomerInterestsEO.CustomerId"/>
    </AttrArray>
  </Key>
  <Key
    Name="SysC007726">
    <DesignTime>
      <Attr Name="_DBObjectName" Value="SYS_C007726"/>
      <Attr Name="_checkCondition" Value='"CUSTOMER_INTERESTS_ID" IS NOT NULL'/>
      <Attr Name="_isCheck" Value="true"/>
    </DesignTime>
    <AttrArray Name="Attributes">
      <Item Value="model.mwgl.eo.CustomerInterestsEO.CustomerInterestsId"/>
    </AttrArray>
  </Key>
  <Key
    Name="SysC007727">
    <DesignTime>
      <Attr Name="_DBObjectName" Value="SYS_C007727"/>
      <Attr Name="_checkCondition" Value='"CATEGORY_ID" IS NOT NULL'/>
      <Attr Name="_isCheck" Value="true"/>
    </DesignTime>
    <AttrArray Name="Attributes">
      <Item Value="model.mwgl.eo.CustomerInterestsEO.CategoryId"/>
    </AttrArray>
  </Key>
  <Key
    Name="SysC007728">
    <DesignTime>
      <Attr Name="_DBObjectName" Value="SYS_C007728"/>
      <Attr Name="_checkCondition" Value='"CREATED_BY" IS NOT NULL'/>
      <Attr Name="_isCheck" Value="true"/>
    </DesignTime>
    <AttrArray Name="Attributes">
      <Item Value="model.mwgl.eo.CustomerInterestsEO.CreatedBy"/>
    </AttrArray>
  </Key>
  <Key
    Name="SysC007729">
    <DesignTime>
      <Attr Name="_DBObjectName" Value="SYS_C007729"/>
      <Attr Name="_checkCondition" Value='"CREATION_DATE" IS NOT NULL'/>
      <Attr Name="_isCheck" Value="true"/>
    </DesignTime>
    <AttrArray Name="Attributes">
      <Item Value="model.mwgl.eo.CustomerInterestsEO.CreationDate"/>
    </AttrArray>
  </Key>
  <Key
    Name="SysC007730">
    <DesignTime>
      <Attr Name="_DBObjectName" Value="SYS_C007730"/>
      <Attr Name="_checkCondition" Value='"LAST_UPDATED_BY" IS NOT NULL'/>
      <Attr Name="_isCheck" Value="true"/>
    </DesignTime>
    <AttrArray Name="Attributes">
      <Item Value="model.mwgl.eo.CustomerInterestsEO.LastUpdatedBy"/>
    </AttrArray>
  </Key>
  <Key
    Name="SysC007731">
    <DesignTime>
      <Attr Name="_DBObjectName" Value="SYS_C007731"/>
      <Attr Name="_checkCondition" Value='"LAST_UPDATE_DATE" IS NOT NULL'/>
      <Attr Name="_isCheck" Value="true"/>
    </DesignTime>
    <AttrArray Name="Attributes">
      <Item Value="model.mwgl.eo.CustomerInterestsEO.LastUpdateDate"/>
    </AttrArray>
  </Key>
  <Key
    Name="SysC007732">
    <DesignTime>
      <Attr Name="_DBObjectName" Value="SYS_C007732"/>
      <Attr Name="_checkCondition" Value='"OBJECT_VERSION_ID" IS NOT NULL'/>
      <Attr Name="_isCheck" Value="true"/>
    </DesignTime>
    <AttrArray Name="Attributes">
      <Item Value="model.mwgl.eo.CustomerInterestsEO.ObjectVersionId"/>
    </AttrArray>
  </Key>
  <Key
    Name="CustomerInterestsFk1">
    <DesignTime>
      <Attr Name="_referencedKey" Value="PRODUCT_TAGS_PK"/>
      <Attr Name="_isForeign" Value="true"/>
      <Attr Name="_DBObjectName" Value="CUSTOMER_INTERESTS_FK1"/>
    </DesignTime>
    <AttrArray Name="Attributes">
      <Item Value="model.mwgl.eo.CustomerInterestsEO.CategoryId"/>
    </AttrArray>
  </Key>
  <Key
    Name="CustomerInterestsPersonFk1">
    <DesignTime>
      <Attr Name="_referencedKey" Value="PERSONS_PK"/>
      <Attr Name="_isForeign" Value="true"/>
      <Attr Name="_DBObjectName" Value="CUSTOMER_INTERESTS_PERSON_FK1"/>
    </DesignTime>
    <AttrArray Name="Attributes">
      <Item Value="model.mwgl.eo.CustomerInterestsEO.CustomerId"/>
    </AttrArray>
  </Key>
</Entity>
