<?xml version="1.0" encoding="windows-1252" ?>
<!DOCTYPE Entity SYSTEM "jbo_03_01.dtd">
<!---->
<Entity
  xmlns="http://xmlns.oracle.com/bc4j"
  Name="LookupCodesEO"
  Version="11.1.1.64.93"
  InheritPersonalization="true"
  DBObjectType="table"
  DBObjectName="LOOKUP_CODES"
  AliasName="LookupCodesEO"
  BindingStyle="OracleName"
  UseGlueCode="false">
  <DesignTime>
    <AttrArray Name="_publishEvents"/>
  </DesignTime>
  <Attribute
    Name="LookupType"
    IsNotNull="true"
    Precision="30"
    ColumnName="LOOKUP_TYPE"
    SQLType="VARCHAR"
    Type="java.lang.String"
    ColumnType="VARCHAR2"
    TableName="LOOKUP_CODES"
    PrimaryKey="true">
    <DesignTime>
      <Attr Name="_DisplaySize" Value="30"/>
    </DesignTime>
  </Attribute>
  <Attribute
    Name="LookupCode"
    IsNotNull="true"
    Precision="30"
    ColumnName="LOOKUP_CODE"
    SQLType="VARCHAR"
    Type="java.lang.String"
    ColumnType="VARCHAR2"
    TableName="LOOKUP_CODES"
    PrimaryKey="true">
    <DesignTime>
      <Attr Name="_DisplaySize" Value="30"/>
    </DesignTime>
  </Attribute>
  <Attribute
    Name="Meaning"
    IsNotNull="true"
    Precision="80"
    ColumnName="MEANING"
    SQLType="VARCHAR"
    Type="java.lang.String"
    ColumnType="VARCHAR2"
    TableName="LOOKUP_CODES">
    <DesignTime>
      <Attr Name="_DisplaySize" Value="80"/>
    </DesignTime>
  </Attribute>
  <Attribute
    Name="Description"
    Precision="240"
    ColumnName="DESCRIPTION"
    SQLType="VARCHAR"
    Type="java.lang.String"
    ColumnType="VARCHAR2"
    TableName="LOOKUP_CODES">
    <DesignTime>
      <Attr Name="_DisplaySize" Value="240"/>
    </DesignTime>
  </Attribute>
  <Attribute
    Name="Language"
    IsNotNull="true"
    Precision="30"
    ColumnName="LANGUAGE"
    SQLType="VARCHAR"
    Type="java.lang.String"
    ColumnType="VARCHAR2"
    TableName="LOOKUP_CODES"
    PrimaryKey="true">
    <DesignTime>
      <Attr Name="_DisplaySize" Value="30"/>
    </DesignTime>
  </Attribute>
  <Attribute
    Name="SourceLang"
    IsNotNull="true"
    Precision="30"
    ColumnName="SOURCE_LANG"
    SQLType="VARCHAR"
    Type="java.lang.String"
    ColumnType="VARCHAR2"
    TableName="LOOKUP_CODES">
    <DesignTime>
      <Attr Name="_DisplaySize" Value="30"/>
    </DesignTime>
  </Attribute>
  <Attribute
    Name="CreatedBy"
    IsNotNull="true"
    Precision="60"
    ColumnName="CREATED_BY"
    SQLType="VARCHAR"
    Type="java.lang.String"
    ColumnType="VARCHAR2"
    TableName="LOOKUP_CODES">
    <DesignTime>
      <Attr Name="_DisplaySize" Value="60"/>
    </DesignTime>
  </Attribute>
  <Attribute
    Name="CreationDate"
    IsNotNull="true"
    ColumnName="CREATION_DATE"
    SQLType="TIMESTAMP"
    Type="oracle.jbo.domain.Date"
    ColumnType="DATE"
    TableName="LOOKUP_CODES">
    <DesignTime>
      <Attr Name="_DisplaySize" Value="7"/>
    </DesignTime>
  </Attribute>
  <Attribute
    Name="LastUpdatedBy"
    IsNotNull="true"
    Precision="60"
    ColumnName="LAST_UPDATED_BY"
    SQLType="VARCHAR"
    Type="java.lang.String"
    ColumnType="VARCHAR2"
    TableName="LOOKUP_CODES">
    <DesignTime>
      <Attr Name="_DisplaySize" Value="60"/>
    </DesignTime>
  </Attribute>
  <Attribute
    Name="LastUpdateDate"
    IsNotNull="true"
    ColumnName="LAST_UPDATE_DATE"
    SQLType="TIMESTAMP"
    Type="oracle.jbo.domain.Date"
    ColumnType="DATE"
    TableName="LOOKUP_CODES">
    <DesignTime>
      <Attr Name="_DisplaySize" Value="7"/>
    </DesignTime>
  </Attribute>
  <Attribute
    Name="ObjectVersionId"
    IsNotNull="true"
    Precision="15"
    Scale="0"
    ColumnName="OBJECT_VERSION_ID"
    SQLType="NUMERIC"
    Type="oracle.jbo.domain.Number"
    ColumnType="NUMBER"
    TableName="LOOKUP_CODES">
    <DesignTime>
      <Attr Name="_DisplaySize" Value="16"/>
    </DesignTime>
  </Attribute>
  <Key
    Name="LookupCodesPk"
    PrimaryKey="true">
    <DesignTime>
      <Attr Name="_DBObjectName" Value="LOOKUP_CODES_PK"/>
    </DesignTime>
    <AttrArray Name="Attributes">
      <Item Value="model.mwgl.eo.LookupCodesEO.LookupType"/>
      <Item Value="model.mwgl.eo.LookupCodesEO.LookupCode"/>
      <Item Value="model.mwgl.eo.LookupCodesEO.Language"/>
    </AttrArray>
  </Key>
  <Key
    Name="SysC007541">
    <DesignTime>
      <Attr Name="_DBObjectName" Value="SYS_C007541"/>
      <Attr Name="_checkCondition" Value='"LOOKUP_TYPE" IS NOT NULL'/>
      <Attr Name="_isCheck" Value="true"/>
    </DesignTime>
    <AttrArray Name="Attributes">
      <Item Value="model.mwgl.eo.LookupCodesEO.LookupType"/>
    </AttrArray>
  </Key>
  <Key
    Name="SysC007542">
    <DesignTime>
      <Attr Name="_DBObjectName" Value="SYS_C007542"/>
      <Attr Name="_checkCondition" Value='"LOOKUP_CODE" IS NOT NULL'/>
      <Attr Name="_isCheck" Value="true"/>
    </DesignTime>
    <AttrArray Name="Attributes">
      <Item Value="model.mwgl.eo.LookupCodesEO.LookupCode"/>
    </AttrArray>
  </Key>
  <Key
    Name="SysC007543">
    <DesignTime>
      <Attr Name="_DBObjectName" Value="SYS_C007543"/>
      <Attr Name="_checkCondition" Value='"MEANING" IS NOT NULL'/>
      <Attr Name="_isCheck" Value="true"/>
    </DesignTime>
    <AttrArray Name="Attributes">
      <Item Value="model.mwgl.eo.LookupCodesEO.Meaning"/>
    </AttrArray>
  </Key>
  <Key
    Name="SysC007544">
    <DesignTime>
      <Attr Name="_DBObjectName" Value="SYS_C007544"/>
      <Attr Name="_checkCondition" Value='"LANGUAGE" IS NOT NULL'/>
      <Attr Name="_isCheck" Value="true"/>
    </DesignTime>
    <AttrArray Name="Attributes">
      <Item Value="model.mwgl.eo.LookupCodesEO.Language"/>
    </AttrArray>
  </Key>
  <Key
    Name="SysC007545">
    <DesignTime>
      <Attr Name="_DBObjectName" Value="SYS_C007545"/>
      <Attr Name="_checkCondition" Value='"SOURCE_LANG" IS NOT NULL'/>
      <Attr Name="_isCheck" Value="true"/>
    </DesignTime>
    <AttrArray Name="Attributes">
      <Item Value="model.mwgl.eo.LookupCodesEO.SourceLang"/>
    </AttrArray>
  </Key>
  <Key
    Name="SysC007546">
    <DesignTime>
      <Attr Name="_DBObjectName" Value="SYS_C007546"/>
      <Attr Name="_checkCondition" Value='"CREATED_BY" IS NOT NULL'/>
      <Attr Name="_isCheck" Value="true"/>
    </DesignTime>
    <AttrArray Name="Attributes">
      <Item Value="model.mwgl.eo.LookupCodesEO.CreatedBy"/>
    </AttrArray>
  </Key>
  <Key
    Name="SysC007547">
    <DesignTime>
      <Attr Name="_DBObjectName" Value="SYS_C007547"/>
      <Attr Name="_checkCondition" Value='"CREATION_DATE" IS NOT NULL'/>
      <Attr Name="_isCheck" Value="true"/>
    </DesignTime>
    <AttrArray Name="Attributes">
      <Item Value="model.mwgl.eo.LookupCodesEO.CreationDate"/>
    </AttrArray>
  </Key>
  <Key
    Name="SysC007548">
    <DesignTime>
      <Attr Name="_DBObjectName" Value="SYS_C007548"/>
      <Attr Name="_checkCondition" Value='"LAST_UPDATED_BY" IS NOT NULL'/>
      <Attr Name="_isCheck" Value="true"/>
    </DesignTime>
    <AttrArray Name="Attributes">
      <Item Value="model.mwgl.eo.LookupCodesEO.LastUpdatedBy"/>
    </AttrArray>
  </Key>
  <Key
    Name="SysC007549">
    <DesignTime>
      <Attr Name="_DBObjectName" Value="SYS_C007549"/>
      <Attr Name="_checkCondition" Value='"LAST_UPDATE_DATE" IS NOT NULL'/>
      <Attr Name="_isCheck" Value="true"/>
    </DesignTime>
    <AttrArray Name="Attributes">
      <Item Value="model.mwgl.eo.LookupCodesEO.LastUpdateDate"/>
    </AttrArray>
  </Key>
  <Key
    Name="SysC007550">
    <DesignTime>
      <Attr Name="_DBObjectName" Value="SYS_C007550"/>
      <Attr Name="_checkCondition" Value='"OBJECT_VERSION_ID" IS NOT NULL'/>
      <Attr Name="_isCheck" Value="true"/>
    </DesignTime>
    <AttrArray Name="Attributes">
      <Item Value="model.mwgl.eo.LookupCodesEO.ObjectVersionId"/>
    </AttrArray>
  </Key>
</Entity>
