<?xml version="1.0" encoding="windows-1252" ?>
<!DOCTYPE Entity SYSTEM "jbo_03_01.dtd">
<!---->
<Entity
  xmlns="http://xmlns.oracle.com/bc4j"
  Name="OrderItemsEO"
  Version="11.1.1.64.93"
  InheritPersonalization="true"
  DBObjectType="table"
  DBObjectName="ORDER_ITEMS"
  AliasName="OrderItemsEO"
  BindingStyle="OracleName"
  UseGlueCode="false"
  RowClass="model.mwgl.eo.OrderItemsEOImpl"
  DefClass="model.mwgl.eo.OrderItemsEODefImpl"
  CollClass="model.mwgl.eo.OrderItemsEOCollImpl">
  <DesignTime>
    <Attr Name="_codeGenFlag2" Value="Init|Delete|Access|DML|Def|Coll"/>
    <AttrArray Name="_publishEvents"/>
    <Attr Name="_isCodegen" Value="true"/>
  </DesignTime>
  <Attribute
    Name="OrderId"
    IsNotNull="true"
    Precision="15"
    Scale="0"
    ColumnName="ORDER_ID"
    SQLType="NUMERIC"
    Type="oracle.jbo.domain.Number"
    ColumnType="NUMBER"
    TableName="ORDER_ITEMS"
    PrimaryKey="true">
    <DesignTime>
      <Attr Name="_DisplaySize" Value="16"/>
    </DesignTime>
  </Attribute>
  <Attribute
    Name="LineItemId"
    Precision="15"
    Scale="0"
    ColumnName="LINE_ITEM_ID"
    SQLType="NUMERIC"
    Type="oracle.jbo.domain.DBSequence"
    ColumnType="NUMBER"
    TableName="ORDER_ITEMS"
    PrimaryKey="true"
    IsUpdateable="while_insert"
    DefaultValue="@0"
    Domain="oracle.jbo.domain.DBSequence"
    RetrievedOnInsert="true">
    <DesignTime>
      <Attr Name="_DisplaySize" Value="16"/>
    </DesignTime>
  </Attribute>
  <Attribute
    Name="ProductId"
    IsNotNull="true"
    Precision="15"
    Scale="0"
    ColumnName="PRODUCT_ID"
    SQLType="NUMERIC"
    Type="oracle.jbo.domain.Number"
    ColumnType="NUMBER"
    TableName="ORDER_ITEMS">
    <DesignTime>
      <Attr Name="_DisplaySize" Value="16"/>
    </DesignTime>
  </Attribute>
  <Attribute
    Name="Quantity"
    IsNotNull="true"
    Precision="6"
    Scale="0"
    ColumnName="QUANTITY"
    SQLType="NUMERIC"
    Type="java.lang.Integer"
    ColumnType="NUMBER"
    TableName="ORDER_ITEMS">
    <DesignTime>
      <Attr Name="_DisplaySize" Value="7"/>
    </DesignTime>
  </Attribute>
  <Attribute
    Name="UnitPrice"
    IsNotNull="true"
    Precision="8"
    Scale="2"
    ColumnName="UNIT_PRICE"
    SQLType="NUMERIC"
    Type="oracle.jbo.domain.Number"
    ColumnType="NUMBER"
    TableName="ORDER_ITEMS">
    <DesignTime>
      <Attr Name="_DisplaySize" Value="10"/>
    </DesignTime>
  </Attribute>
  <Attribute
    Name="CreatedBy"
    IsNotNull="true"
    Precision="60"
    ColumnName="CREATED_BY"
    SQLType="VARCHAR"
    Type="java.lang.String"
    ColumnType="VARCHAR2"
    TableName="ORDER_ITEMS"
    IsUpdateable="while_insert"
    HistoryColumn="UserHistory">
    <DesignTime>
      <Attr Name="_DisplaySize" Value="60"/>
    </DesignTime>
  </Attribute>
  <Attribute
    Name="CreationDate"
    IsNotNull="true"
    ColumnName="CREATION_DATE"
    SQLType="TIMESTAMP"
    Type="oracle.jbo.domain.Date"
    ColumnType="DATE"
    TableName="ORDER_ITEMS"
    IsUpdateable="while_insert"
    HistoryColumn="DateHistory">
    <DesignTime>
      <Attr Name="_DisplaySize" Value="7"/>
    </DesignTime>
  </Attribute>
  <Attribute
    Name="LastUpdatedBy"
    IsNotNull="true"
    Precision="60"
    ColumnName="LAST_UPDATED_BY"
    SQLType="VARCHAR"
    Type="java.lang.String"
    ColumnType="VARCHAR2"
    TableName="ORDER_ITEMS"
    HistoryColumn="UserHistory">
    <DesignTime>
      <Attr Name="_DisplaySize" Value="60"/>
    </DesignTime>
  </Attribute>
  <Attribute
    Name="LastUpdateDate"
    IsNotNull="true"
    ColumnName="LAST_UPDATE_DATE"
    SQLType="TIMESTAMP"
    Type="oracle.jbo.domain.Date"
    ColumnType="DATE"
    TableName="ORDER_ITEMS"
    HistoryColumn="DateHistory">
    <DesignTime>
      <Attr Name="_DisplaySize" Value="7"/>
    </DesignTime>
  </Attribute>
  <Attribute
    Name="ObjectVersionId"
    IsNotNull="true"
    Precision="15"
    Scale="0"
    ColumnName="OBJECT_VERSION_ID"
    SQLType="NUMERIC"
    Type="oracle.jbo.domain.Number"
    ColumnType="NUMBER"
    TableName="ORDER_ITEMS"
    HistoryColumn="VersionHistory">
    <DesignTime>
      <Attr Name="_DisplaySize" Value="16"/>
    </DesignTime>
  </Attribute>
  <Attribute
    Name="ListPrice"
    IsQueriable="false"
    IsPersistent="false"
    ColumnName="$none$"
    SQLType="VARCHAR"
    Type="oracle.jbo.domain.Number"
    ColumnType="NUMBER">
    <RecalcCondition><![CDATA[true]]></RecalcCondition>
    <TransientExpression><![CDATA[if(ProductsBaseEO!= null)
{ return ProductsBaseEO.ListPrice;
}
else { 
return 0;
}]]></TransientExpression>
  </Attribute>
  <AccessorAttribute
    Name="OrdersEO"
    Association="model.mwgl.eo.assoc.OrderItemsOrdersFkAssoc"
    AssociationEnd="model.mwgl.eo.assoc.OrderItemsOrdersFkAssoc.OrdersEO"
    AssociationOtherEnd="model.mwgl.eo.assoc.OrderItemsOrdersFkAssoc.OrderItemsEO"
    Type="oracle.jbo.server.EntityImpl"
    IsUpdateable="true"/>
  <AccessorAttribute
    Name="ProductsBaseEO"
    Association="model.mwgl.eo.assoc.OrderItemsProductsFkAssoc"
    AssociationEnd="model.mwgl.eo.assoc.OrderItemsProductsFkAssoc.ProductsBaseEO"
    AssociationOtherEnd="model.mwgl.eo.assoc.OrderItemsProductsFkAssoc.OrderItemsEO"
    Type="oracle.jbo.server.EntityImpl"
    IsUpdateable="true"/>
  <Key
    Name="OrderItemsPk"
    PrimaryKey="true">
    <DesignTime>
      <Attr Name="_DBObjectName" Value="ORDER_ITEMS_PK"/>
    </DesignTime>
    <AttrArray Name="Attributes">
      <Item Value="model.mwgl.eo.OrderItemsEO.OrderId"/>
      <Item Value="model.mwgl.eo.OrderItemsEO.LineItemId"/>
    </AttrArray>
  </Key>
  <Key
    Name="SysC007585">
    <DesignTime>
      <Attr Name="_DBObjectName" Value="SYS_C007585"/>
      <Attr Name="_checkCondition" Value='"ORDER_ID" IS NOT NULL'/>
      <Attr Name="_isCheck" Value="true"/>
    </DesignTime>
    <AttrArray Name="Attributes">
      <Item Value="model.mwgl.eo.OrderItemsEO.OrderId"/>
    </AttrArray>
  </Key>
  <Key
    Name="SysC007586">
    <DesignTime>
      <Attr Name="_DBObjectName" Value="SYS_C007586"/>
      <Attr Name="_checkCondition" Value='"LINE_ITEM_ID" IS NOT NULL'/>
      <Attr Name="_isCheck" Value="true"/>
    </DesignTime>
    <AttrArray Name="Attributes"/>
  </Key>
  <Key
    Name="SysC007587">
    <DesignTime>
      <Attr Name="_DBObjectName" Value="SYS_C007587"/>
      <Attr Name="_checkCondition" Value='"PRODUCT_ID" IS NOT NULL'/>
      <Attr Name="_isCheck" Value="true"/>
    </DesignTime>
    <AttrArray Name="Attributes">
      <Item Value="model.mwgl.eo.OrderItemsEO.ProductId"/>
    </AttrArray>
  </Key>
  <Key
    Name="SysC007588">
    <DesignTime>
      <Attr Name="_DBObjectName" Value="SYS_C007588"/>
      <Attr Name="_checkCondition" Value='"QUANTITY" IS NOT NULL'/>
      <Attr Name="_isCheck" Value="true"/>
    </DesignTime>
    <AttrArray Name="Attributes">
      <Item Value="model.mwgl.eo.OrderItemsEO.Quantity"/>
    </AttrArray>
  </Key>
  <Key
    Name="SysC007589">
    <DesignTime>
      <Attr Name="_DBObjectName" Value="SYS_C007589"/>
      <Attr Name="_checkCondition" Value='"UNIT_PRICE" IS NOT NULL'/>
      <Attr Name="_isCheck" Value="true"/>
    </DesignTime>
    <AttrArray Name="Attributes">
      <Item Value="model.mwgl.eo.OrderItemsEO.UnitPrice"/>
    </AttrArray>
  </Key>
  <Key
    Name="SysC007590">
    <DesignTime>
      <Attr Name="_DBObjectName" Value="SYS_C007590"/>
      <Attr Name="_checkCondition" Value='"CREATED_BY" IS NOT NULL'/>
      <Attr Name="_isCheck" Value="true"/>
    </DesignTime>
    <AttrArray Name="Attributes">
      <Item Value="model.mwgl.eo.OrderItemsEO.CreatedBy"/>
    </AttrArray>
  </Key>
  <Key
    Name="SysC007591">
    <DesignTime>
      <Attr Name="_DBObjectName" Value="SYS_C007591"/>
      <Attr Name="_checkCondition" Value='"CREATION_DATE" IS NOT NULL'/>
      <Attr Name="_isCheck" Value="true"/>
    </DesignTime>
    <AttrArray Name="Attributes">
      <Item Value="model.mwgl.eo.OrderItemsEO.CreationDate"/>
    </AttrArray>
  </Key>
  <Key
    Name="SysC007592">
    <DesignTime>
      <Attr Name="_DBObjectName" Value="SYS_C007592"/>
      <Attr Name="_checkCondition" Value='"LAST_UPDATED_BY" IS NOT NULL'/>
      <Attr Name="_isCheck" Value="true"/>
    </DesignTime>
    <AttrArray Name="Attributes">
      <Item Value="model.mwgl.eo.OrderItemsEO.LastUpdatedBy"/>
    </AttrArray>
  </Key>
  <Key
    Name="SysC007593">
    <DesignTime>
      <Attr Name="_DBObjectName" Value="SYS_C007593"/>
      <Attr Name="_checkCondition" Value='"LAST_UPDATE_DATE" IS NOT NULL'/>
      <Attr Name="_isCheck" Value="true"/>
    </DesignTime>
    <AttrArray Name="Attributes">
      <Item Value="model.mwgl.eo.OrderItemsEO.LastUpdateDate"/>
    </AttrArray>
  </Key>
  <Key
    Name="SysC007594">
    <DesignTime>
      <Attr Name="_DBObjectName" Value="SYS_C007594"/>
      <Attr Name="_checkCondition" Value='"OBJECT_VERSION_ID" IS NOT NULL'/>
      <Attr Name="_isCheck" Value="true"/>
    </DesignTime>
    <AttrArray Name="Attributes">
      <Item Value="model.mwgl.eo.OrderItemsEO.ObjectVersionId"/>
    </AttrArray>
  </Key>
  <Key
    Name="OrderItemsOrdersFk">
    <DesignTime>
      <Attr Name="_referencedKey" Value="ORDERS_PK"/>
      <Attr Name="_isForeign" Value="true"/>
      <Attr Name="_DBObjectName" Value="ORDER_ITEMS_ORDERS_FK"/>
    </DesignTime>
    <AttrArray Name="Attributes">
      <Item Value="model.mwgl.eo.OrderItemsEO.OrderId"/>
    </AttrArray>
  </Key>
  <Key
    Name="OrderItemsProductsFk">
    <DesignTime>
      <Attr Name="_referencedKey" Value="PRODUCTS_PK"/>
      <Attr Name="_isForeign" Value="true"/>
      <Attr Name="_DBObjectName" Value="ORDER_ITEMS_PRODUCTS_FK"/>
    </DesignTime>
    <AttrArray Name="Attributes">
      <Item Value="model.mwgl.eo.OrderItemsEO.ProductId"/>
    </AttrArray>
  </Key>
</Entity>
