<?xml version="1.0" encoding="windows-1252" ?>
<!DOCTYPE Entity SYSTEM "jbo_03_01.dtd">
<!---->
<Entity
  xmlns="http://xmlns.oracle.com/bc4j"
  Name="PaymentOptionsEO"
  Version="11.1.1.64.93"
  InheritPersonalization="true"
  DBObjectType="table"
  DBObjectName="PAYMENT_OPTIONS"
  AliasName="PaymentOptionsEO"
  BindingStyle="OracleName"
  UseGlueCode="false">
  <DesignTime>
    <Attr Name="_codeGenFlag2" Value="Access"/>
    <AttrArray Name="_publishEvents"/>
  </DesignTime>
  <Attribute
    Name="PaymentOptionId"
    Precision="16"
    Scale="0"
    ColumnName="PAYMENT_OPTION_ID"
    SQLType="NUMERIC"
    Type="oracle.jbo.domain.DBSequence"
    ColumnType="NUMBER"
    TableName="PAYMENT_OPTIONS"
    PrimaryKey="true"
    IsUpdateable="while_insert"
    DefaultValue="@0"
    Domain="oracle.jbo.domain.DBSequence"
    RetrievedOnInsert="true">
    <DesignTime>
      <Attr Name="_DisplaySize" Value="17"/>
    </DesignTime>
  </Attribute>
  <Attribute
    Name="CustomerId"
    IsNotNull="true"
    Precision="15"
    Scale="0"
    ColumnName="CUSTOMER_ID"
    SQLType="NUMERIC"
    Type="oracle.jbo.domain.Number"
    ColumnType="NUMBER"
    TableName="PAYMENT_OPTIONS">
    <DesignTime>
      <Attr Name="_DisplaySize" Value="16"/>
    </DesignTime>
  </Attribute>
  <Attribute
    Name="PaymentTypeCode"
    IsNotNull="true"
    Precision="30"
    ColumnName="PAYMENT_TYPE_CODE"
    SQLType="VARCHAR"
    Type="java.lang.String"
    ColumnType="VARCHAR2"
    TableName="PAYMENT_OPTIONS">
    <DesignTime>
      <Attr Name="_DisplaySize" Value="30"/>
    </DesignTime>
  </Attribute>
  <Attribute
    Name="BillingAddressId"
    Precision="38"
    Scale="0"
    ColumnName="BILLING_ADDRESS_ID"
    SQLType="NUMERIC"
    Type="oracle.jbo.domain.Number"
    ColumnType="NUMBER"
    TableName="PAYMENT_OPTIONS">
    <DesignTime>
      <Attr Name="_DisplaySize" Value="39"/>
    </DesignTime>
  </Attribute>
  <Attribute
    Name="AccountNumber"
    IsNotNull="true"
    Precision="19"
    Scale="0"
    ColumnName="ACCOUNT_NUMBER"
    SQLType="NUMERIC"
    Type="oracle.jbo.domain.Number"
    ColumnType="NUMBER"
    TableName="PAYMENT_OPTIONS">
    <DesignTime>
      <Attr Name="_DisplaySize" Value="20"/>
    </DesignTime>
  </Attribute>
  <Attribute
    Name="CardTypeCode"
    Precision="30"
    ColumnName="CARD_TYPE_CODE"
    SQLType="VARCHAR"
    Type="java.lang.String"
    ColumnType="VARCHAR2"
    TableName="PAYMENT_OPTIONS">
    <DesignTime>
      <Attr Name="_DisplaySize" Value="30"/>
    </DesignTime>
  </Attribute>
  <Attribute
    Name="ExpireDate"
    ColumnName="EXPIRE_DATE"
    SQLType="TIMESTAMP"
    Type="oracle.jbo.domain.Date"
    ColumnType="DATE"
    TableName="PAYMENT_OPTIONS">
    <DesignTime>
      <Attr Name="_DisplaySize" Value="7"/>
    </DesignTime>
  </Attribute>
  <Attribute
    Name="CheckDigits"
    Precision="4"
    Scale="0"
    ColumnName="CHECK_DIGITS"
    SQLType="NUMERIC"
    Type="oracle.jbo.domain.Number"
    ColumnType="NUMBER"
    TableName="PAYMENT_OPTIONS">
    <DesignTime>
      <Attr Name="_DisplaySize" Value="5"/>
    </DesignTime>
  </Attribute>
  <Attribute
    Name="RoutingIdentifier"
    Precision="15"
    ColumnName="ROUTING_IDENTIFIER"
    SQLType="VARCHAR"
    Type="java.lang.String"
    ColumnType="VARCHAR2"
    TableName="PAYMENT_OPTIONS">
    <DesignTime>
      <Attr Name="_DisplaySize" Value="15"/>
    </DesignTime>
  </Attribute>
  <Attribute
    Name="InstitutionName"
    Precision="120"
    ColumnName="INSTITUTION_NAME"
    SQLType="VARCHAR"
    Type="java.lang.String"
    ColumnType="VARCHAR2"
    TableName="PAYMENT_OPTIONS">
    <DesignTime>
      <Attr Name="_DisplaySize" Value="120"/>
    </DesignTime>
  </Attribute>
  <Attribute
    Name="ValidFromDate"
    ColumnName="VALID_FROM_DATE"
    SQLType="TIMESTAMP"
    Type="oracle.jbo.domain.Date"
    ColumnType="DATE"
    TableName="PAYMENT_OPTIONS">
    <DesignTime>
      <Attr Name="_DisplaySize" Value="7"/>
    </DesignTime>
  </Attribute>
  <Attribute
    Name="ValidToDate"
    ColumnName="VALID_TO_DATE"
    SQLType="TIMESTAMP"
    Type="oracle.jbo.domain.Date"
    ColumnType="DATE"
    TableName="PAYMENT_OPTIONS">
    <DesignTime>
      <Attr Name="_DisplaySize" Value="7"/>
    </DesignTime>
  </Attribute>
  <Attribute
    Name="CreatedBy"
    IsNotNull="true"
    Precision="60"
    ColumnName="CREATED_BY"
    SQLType="VARCHAR"
    Type="java.lang.String"
    ColumnType="VARCHAR2"
    TableName="PAYMENT_OPTIONS"
    IsUpdateable="while_insert"
    HistoryColumn="UserHistory">
    <DesignTime>
      <Attr Name="_DisplaySize" Value="60"/>
    </DesignTime>
  </Attribute>
  <Attribute
    Name="CreationDate"
    IsNotNull="true"
    ColumnName="CREATION_DATE"
    SQLType="TIMESTAMP"
    Type="oracle.jbo.domain.Date"
    ColumnType="DATE"
    TableName="PAYMENT_OPTIONS"
    IsUpdateable="while_insert"
    HistoryColumn="DateHistory">
    <DesignTime>
      <Attr Name="_DisplaySize" Value="7"/>
    </DesignTime>
  </Attribute>
  <Attribute
    Name="LastUpdatedBy"
    IsNotNull="true"
    Precision="60"
    ColumnName="LAST_UPDATED_BY"
    SQLType="VARCHAR"
    Type="java.lang.String"
    ColumnType="VARCHAR2"
    TableName="PAYMENT_OPTIONS"
    HistoryColumn="UserHistory">
    <DesignTime>
      <Attr Name="_DisplaySize" Value="60"/>
    </DesignTime>
  </Attribute>
  <Attribute
    Name="LastUpdateDate"
    IsNotNull="true"
    ColumnName="LAST_UPDATE_DATE"
    SQLType="TIMESTAMP"
    Type="oracle.jbo.domain.Date"
    ColumnType="DATE"
    TableName="PAYMENT_OPTIONS"
    HistoryColumn="DateHistory">
    <DesignTime>
      <Attr Name="_DisplaySize" Value="7"/>
    </DesignTime>
  </Attribute>
  <Attribute
    Name="ObjectVersionId"
    IsNotNull="true"
    Precision="15"
    Scale="0"
    ColumnName="OBJECT_VERSION_ID"
    SQLType="NUMERIC"
    Type="oracle.jbo.domain.Number"
    ColumnType="NUMBER"
    TableName="PAYMENT_OPTIONS"
    HistoryColumn="VersionHistory">
    <DesignTime>
      <Attr Name="_DisplaySize" Value="16"/>
    </DesignTime>
  </Attribute>
  <AccessorAttribute
    Name="OrdersEO"
    Association="model.mwgl.eo.assoc.OrdersPaymentOptionsFkAssoc"
    AssociationEnd="model.mwgl.eo.assoc.OrdersPaymentOptionsFkAssoc.OrdersEO"
    AssociationOtherEnd="model.mwgl.eo.assoc.OrdersPaymentOptionsFkAssoc.PaymentOptionsEO"
    Type="oracle.jbo.RowIterator"
    IsUpdateable="false"/>
  <AccessorAttribute
    Name="PersonsEO"
    Association="model.mwgl.eo.assoc.PaymentOptionsPersonsFkAssoc"
    AssociationEnd="model.mwgl.eo.assoc.PaymentOptionsPersonsFkAssoc.PersonsEO"
    AssociationOtherEnd="model.mwgl.eo.assoc.PaymentOptionsPersonsFkAssoc.PaymentOptionsEO"
    Type="oracle.jbo.server.EntityImpl"
    IsUpdateable="true"/>
  <Key
    Name="PaymentOptionsPk"
    PrimaryKey="true">
    <DesignTime>
      <Attr Name="_DBObjectName" Value="PAYMENT_OPTIONS_PK"/>
    </DesignTime>
    <AttrArray Name="Attributes">
      <Item Value="model.mwgl.eo.PaymentOptionsEO.PaymentOptionId"/>
    </AttrArray>
  </Key>
  <Key
    Name="SysC007552">
    <DesignTime>
      <Attr Name="_DBObjectName" Value="SYS_C007552"/>
      <Attr Name="_checkCondition" Value='"PAYMENT_OPTION_ID" IS NOT NULL'/>
      <Attr Name="_isCheck" Value="true"/>
    </DesignTime>
    <AttrArray Name="Attributes"/>
  </Key>
  <Key
    Name="SysC007553">
    <DesignTime>
      <Attr Name="_DBObjectName" Value="SYS_C007553"/>
      <Attr Name="_checkCondition" Value='"CUSTOMER_ID" IS NOT NULL'/>
      <Attr Name="_isCheck" Value="true"/>
    </DesignTime>
    <AttrArray Name="Attributes">
      <Item Value="model.mwgl.eo.PaymentOptionsEO.CustomerId"/>
    </AttrArray>
  </Key>
  <Key
    Name="SysC007554">
    <DesignTime>
      <Attr Name="_DBObjectName" Value="SYS_C007554"/>
      <Attr Name="_checkCondition" Value='"PAYMENT_TYPE_CODE" IS NOT NULL'/>
      <Attr Name="_isCheck" Value="true"/>
    </DesignTime>
    <AttrArray Name="Attributes">
      <Item Value="model.mwgl.eo.PaymentOptionsEO.PaymentTypeCode"/>
    </AttrArray>
  </Key>
  <Key
    Name="SysC007555">
    <DesignTime>
      <Attr Name="_DBObjectName" Value="SYS_C007555"/>
      <Attr Name="_checkCondition" Value='"ACCOUNT_NUMBER" IS NOT NULL'/>
      <Attr Name="_isCheck" Value="true"/>
    </DesignTime>
    <AttrArray Name="Attributes">
      <Item Value="model.mwgl.eo.PaymentOptionsEO.AccountNumber"/>
    </AttrArray>
  </Key>
  <Key
    Name="SysC007556">
    <DesignTime>
      <Attr Name="_DBObjectName" Value="SYS_C007556"/>
      <Attr Name="_checkCondition" Value='"CREATED_BY" IS NOT NULL'/>
      <Attr Name="_isCheck" Value="true"/>
    </DesignTime>
    <AttrArray Name="Attributes">
      <Item Value="model.mwgl.eo.PaymentOptionsEO.CreatedBy"/>
    </AttrArray>
  </Key>
  <Key
    Name="SysC007557">
    <DesignTime>
      <Attr Name="_DBObjectName" Value="SYS_C007557"/>
      <Attr Name="_checkCondition" Value='"CREATION_DATE" IS NOT NULL'/>
      <Attr Name="_isCheck" Value="true"/>
    </DesignTime>
    <AttrArray Name="Attributes">
      <Item Value="model.mwgl.eo.PaymentOptionsEO.CreationDate"/>
    </AttrArray>
  </Key>
  <Key
    Name="SysC007558">
    <DesignTime>
      <Attr Name="_DBObjectName" Value="SYS_C007558"/>
      <Attr Name="_checkCondition" Value='"LAST_UPDATED_BY" IS NOT NULL'/>
      <Attr Name="_isCheck" Value="true"/>
    </DesignTime>
    <AttrArray Name="Attributes">
      <Item Value="model.mwgl.eo.PaymentOptionsEO.LastUpdatedBy"/>
    </AttrArray>
  </Key>
  <Key
    Name="SysC007559">
    <DesignTime>
      <Attr Name="_DBObjectName" Value="SYS_C007559"/>
      <Attr Name="_checkCondition" Value='"LAST_UPDATE_DATE" IS NOT NULL'/>
      <Attr Name="_isCheck" Value="true"/>
    </DesignTime>
    <AttrArray Name="Attributes">
      <Item Value="model.mwgl.eo.PaymentOptionsEO.LastUpdateDate"/>
    </AttrArray>
  </Key>
  <Key
    Name="SysC007560">
    <DesignTime>
      <Attr Name="_DBObjectName" Value="SYS_C007560"/>
      <Attr Name="_checkCondition" Value='"OBJECT_VERSION_ID" IS NOT NULL'/>
      <Attr Name="_isCheck" Value="true"/>
    </DesignTime>
    <AttrArray Name="Attributes">
      <Item Value="model.mwgl.eo.PaymentOptionsEO.ObjectVersionId"/>
    </AttrArray>
  </Key>
  <Key
    Name="PaymentOptionsPersonsFk">
    <DesignTime>
      <Attr Name="_referencedKey" Value="PERSONS_PK"/>
      <Attr Name="_isForeign" Value="true"/>
      <Attr Name="_DBObjectName" Value="PAYMENT_OPTIONS_PERSONS_FK"/>
    </DesignTime>
    <AttrArray Name="Attributes">
      <Item Value="model.mwgl.eo.PaymentOptionsEO.CustomerId"/>
    </AttrArray>
  </Key>
</Entity>
