<?xml version="1.0" encoding="windows-1252" ?>
<!DOCTYPE Entity SYSTEM "jbo_03_01.dtd">
<!---->
<Entity
  xmlns="http://xmlns.oracle.com/bc4j"
  Name="ProductTranslationsEO"
  Version="11.1.1.64.93"
  InheritPersonalization="true"
  DBObjectType="table"
  DBObjectName="PRODUCT_TRANSLATIONS"
  AliasName="ProductTranslationsEO"
  BindingStyle="OracleName"
  UseGlueCode="false">
  <DesignTime>
    <Attr Name="_codeGenFlag2" Value="Access"/>
    <AttrArray Name="_publishEvents"/>
  </DesignTime>
  <Attribute
    Name="ProductId"
    IsNotNull="true"
    Precision="15"
    Scale="0"
    ColumnName="PRODUCT_ID"
    SQLType="NUMERIC"
    Type="oracle.jbo.domain.Number"
    ColumnType="NUMBER"
    TableName="PRODUCT_TRANSLATIONS"
    PrimaryKey="true">
    <DesignTime>
      <Attr Name="_DisplaySize" Value="16"/>
    </DesignTime>
  </Attribute>
  <Attribute
    Name="Language"
    IsNotNull="true"
    Precision="30"
    ColumnName="LANGUAGE"
    SQLType="VARCHAR"
    Type="java.lang.String"
    ColumnType="VARCHAR2"
    TableName="PRODUCT_TRANSLATIONS"
    PrimaryKey="true">
    <DesignTime>
      <Attr Name="_DisplaySize" Value="30"/>
    </DesignTime>
  </Attribute>
  <Attribute
    Name="SourceLang"
    Precision="30"
    ColumnName="SOURCE_LANG"
    SQLType="VARCHAR"
    Type="java.lang.String"
    ColumnType="VARCHAR2"
    TableName="PRODUCT_TRANSLATIONS">
    <DesignTime>
      <Attr Name="_DisplaySize" Value="30"/>
    </DesignTime>
  </Attribute>
  <Attribute
    Name="Description"
    IsNotNull="true"
    Precision="4000"
    ColumnName="DESCRIPTION"
    SQLType="VARCHAR"
    Type="java.lang.String"
    ColumnType="VARCHAR2"
    TableName="PRODUCT_TRANSLATIONS">
    <DesignTime>
      <Attr Name="_DisplaySize" Value="4000"/>
    </DesignTime>
  </Attribute>
  <Attribute
    Name="AdditionalInfo"
    Precision="4000"
    ColumnName="ADDITIONAL_INFO"
    SQLType="VARCHAR"
    Type="java.lang.String"
    ColumnType="VARCHAR2"
    TableName="PRODUCT_TRANSLATIONS">
    <DesignTime>
      <Attr Name="_DisplaySize" Value="4000"/>
    </DesignTime>
  </Attribute>
  <Attribute
    Name="CreatedBy"
    IsNotNull="true"
    Precision="60"
    ColumnName="CREATED_BY"
    SQLType="VARCHAR"
    Type="java.lang.String"
    ColumnType="VARCHAR2"
    TableName="PRODUCT_TRANSLATIONS">
    <DesignTime>
      <Attr Name="_DisplaySize" Value="60"/>
    </DesignTime>
  </Attribute>
  <Attribute
    Name="CreationDate"
    IsNotNull="true"
    ColumnName="CREATION_DATE"
    SQLType="TIMESTAMP"
    Type="oracle.jbo.domain.Date"
    ColumnType="DATE"
    TableName="PRODUCT_TRANSLATIONS">
    <DesignTime>
      <Attr Name="_DisplaySize" Value="7"/>
    </DesignTime>
  </Attribute>
  <Attribute
    Name="LastUpdatedBy"
    IsNotNull="true"
    Precision="60"
    ColumnName="LAST_UPDATED_BY"
    SQLType="VARCHAR"
    Type="java.lang.String"
    ColumnType="VARCHAR2"
    TableName="PRODUCT_TRANSLATIONS">
    <DesignTime>
      <Attr Name="_DisplaySize" Value="60"/>
    </DesignTime>
  </Attribute>
  <Attribute
    Name="LastUpdateDate"
    IsNotNull="true"
    ColumnName="LAST_UPDATE_DATE"
    SQLType="TIMESTAMP"
    Type="oracle.jbo.domain.Date"
    ColumnType="DATE"
    TableName="PRODUCT_TRANSLATIONS">
    <DesignTime>
      <Attr Name="_DisplaySize" Value="7"/>
    </DesignTime>
  </Attribute>
  <Attribute
    Name="ObjectVersionId"
    IsNotNull="true"
    Precision="15"
    Scale="0"
    ColumnName="OBJECT_VERSION_ID"
    SQLType="NUMERIC"
    Type="oracle.jbo.domain.Number"
    ColumnType="NUMBER"
    TableName="PRODUCT_TRANSLATIONS">
    <DesignTime>
      <Attr Name="_DisplaySize" Value="16"/>
    </DesignTime>
  </Attribute>
  <AccessorAttribute
    Name="ProductsBaseEO"
    Association="model.mwgl.eo.assoc.ProductTranslationsFkAssoc"
    AssociationEnd="model.mwgl.eo.assoc.ProductTranslationsFkAssoc.ProductsBaseEO"
    AssociationOtherEnd="model.mwgl.eo.assoc.ProductTranslationsFkAssoc.ProductTranslationsEO"
    Type="oracle.jbo.server.EntityImpl"
    IsUpdateable="true"/>
  <Key
    Name="ProductTranslationsPk"
    PrimaryKey="true">
    <DesignTime>
      <Attr Name="_DBObjectName" Value="PRODUCT_TRANSLATIONS_PK"/>
    </DesignTime>
    <AttrArray Name="Attributes">
      <Item Value="model.mwgl.eo.ProductTranslationsEO.ProductId"/>
      <Item Value="model.mwgl.eo.ProductTranslationsEO.Language"/>
    </AttrArray>
  </Key>
  <Key
    Name="SysC007623">
    <DesignTime>
      <Attr Name="_DBObjectName" Value="SYS_C007623"/>
      <Attr Name="_checkCondition" Value='"PRODUCT_ID" IS NOT NULL'/>
      <Attr Name="_isCheck" Value="true"/>
    </DesignTime>
    <AttrArray Name="Attributes">
      <Item Value="model.mwgl.eo.ProductTranslationsEO.ProductId"/>
    </AttrArray>
  </Key>
  <Key
    Name="SysC007624">
    <DesignTime>
      <Attr Name="_DBObjectName" Value="SYS_C007624"/>
      <Attr Name="_checkCondition" Value='"LANGUAGE" IS NOT NULL'/>
      <Attr Name="_isCheck" Value="true"/>
    </DesignTime>
    <AttrArray Name="Attributes">
      <Item Value="model.mwgl.eo.ProductTranslationsEO.Language"/>
    </AttrArray>
  </Key>
  <Key
    Name="SysC007625">
    <DesignTime>
      <Attr Name="_DBObjectName" Value="SYS_C007625"/>
      <Attr Name="_checkCondition" Value='"DESCRIPTION" IS NOT NULL'/>
      <Attr Name="_isCheck" Value="true"/>
    </DesignTime>
    <AttrArray Name="Attributes">
      <Item Value="model.mwgl.eo.ProductTranslationsEO.Description"/>
    </AttrArray>
  </Key>
  <Key
    Name="SysC007626">
    <DesignTime>
      <Attr Name="_DBObjectName" Value="SYS_C007626"/>
      <Attr Name="_checkCondition" Value='"CREATED_BY" IS NOT NULL'/>
      <Attr Name="_isCheck" Value="true"/>
    </DesignTime>
    <AttrArray Name="Attributes">
      <Item Value="model.mwgl.eo.ProductTranslationsEO.CreatedBy"/>
    </AttrArray>
  </Key>
  <Key
    Name="SysC007627">
    <DesignTime>
      <Attr Name="_DBObjectName" Value="SYS_C007627"/>
      <Attr Name="_checkCondition" Value='"CREATION_DATE" IS NOT NULL'/>
      <Attr Name="_isCheck" Value="true"/>
    </DesignTime>
    <AttrArray Name="Attributes">
      <Item Value="model.mwgl.eo.ProductTranslationsEO.CreationDate"/>
    </AttrArray>
  </Key>
  <Key
    Name="SysC007628">
    <DesignTime>
      <Attr Name="_DBObjectName" Value="SYS_C007628"/>
      <Attr Name="_checkCondition" Value='"LAST_UPDATED_BY" IS NOT NULL'/>
      <Attr Name="_isCheck" Value="true"/>
    </DesignTime>
    <AttrArray Name="Attributes">
      <Item Value="model.mwgl.eo.ProductTranslationsEO.LastUpdatedBy"/>
    </AttrArray>
  </Key>
  <Key
    Name="SysC007629">
    <DesignTime>
      <Attr Name="_DBObjectName" Value="SYS_C007629"/>
      <Attr Name="_checkCondition" Value='"LAST_UPDATE_DATE" IS NOT NULL'/>
      <Attr Name="_isCheck" Value="true"/>
    </DesignTime>
    <AttrArray Name="Attributes">
      <Item Value="model.mwgl.eo.ProductTranslationsEO.LastUpdateDate"/>
    </AttrArray>
  </Key>
  <Key
    Name="SysC007630">
    <DesignTime>
      <Attr Name="_DBObjectName" Value="SYS_C007630"/>
      <Attr Name="_checkCondition" Value='"OBJECT_VERSION_ID" IS NOT NULL'/>
      <Attr Name="_isCheck" Value="true"/>
    </DesignTime>
    <AttrArray Name="Attributes">
      <Item Value="model.mwgl.eo.ProductTranslationsEO.ObjectVersionId"/>
    </AttrArray>
  </Key>
  <Key
    Name="ProductTranslationsFk">
    <DesignTime>
      <Attr Name="_referencedKey" Value="PRODUCTS_PK"/>
      <Attr Name="_isForeign" Value="true"/>
      <Attr Name="_DBObjectName" Value="PRODUCT_TRANSLATIONS_FK"/>
    </DesignTime>
    <AttrArray Name="Attributes">
      <Item Value="model.mwgl.eo.ProductTranslationsEO.ProductId"/>
    </AttrArray>
  </Key>
</Entity>
