<?xml version="1.0" encoding="windows-1252" ?>
<!DOCTYPE Entity SYSTEM "jbo_03_01.dtd">
<!---->
<Entity
  xmlns="http://xmlns.oracle.com/bc4j"
  Name="ProductsBaseEO"
  Version="11.1.1.64.93"
  InheritPersonalization="true"
  DBObjectType="table"
  DBObjectName="PRODUCTS_BASE"
  AliasName="ProductsBaseEO"
  BindingStyle="OracleName"
  UseGlueCode="false">
  <DesignTime>
    <Attr Name="_codeGenFlag2" Value="Access"/>
    <AttrArray Name="_publishEvents"/>
  </DesignTime>
  <Attribute
    Name="ProductId"
    IsNotNull="true"
    Precision="15"
    Scale="0"
    ColumnName="PRODUCT_ID"
    SQLType="NUMERIC"
    Type="oracle.jbo.domain.Number"
    ColumnType="NUMBER"
    TableName="PRODUCTS_BASE"
    PrimaryKey="true">
    <DesignTime>
      <Attr Name="_DisplaySize" Value="16"/>
    </DesignTime>
  </Attribute>
  <Attribute
    Name="SupplierId"
    IsNotNull="true"
    Precision="15"
    Scale="0"
    ColumnName="SUPPLIER_ID"
    SQLType="NUMERIC"
    Type="oracle.jbo.domain.Number"
    ColumnType="NUMBER"
    TableName="PRODUCTS_BASE">
    <DesignTime>
      <Attr Name="_DisplaySize" Value="16"/>
    </DesignTime>
  </Attribute>
  <Attribute
    Name="ParentCategoryId"
    Precision="15"
    Scale="0"
    ColumnName="PARENT_CATEGORY_ID"
    SQLType="NUMERIC"
    Type="oracle.jbo.domain.Number"
    ColumnType="NUMBER"
    TableName="PRODUCTS_BASE">
    <DesignTime>
      <Attr Name="_DisplaySize" Value="16"/>
    </DesignTime>
  </Attribute>
  <Attribute
    Name="CategoryId"
    Precision="15"
    Scale="0"
    ColumnName="CATEGORY_ID"
    SQLType="NUMERIC"
    Type="oracle.jbo.domain.Number"
    ColumnType="NUMBER"
    TableName="PRODUCTS_BASE">
    <DesignTime>
      <Attr Name="_DisplaySize" Value="16"/>
    </DesignTime>
  </Attribute>
  <Attribute
    Name="ProductName"
    IsNotNull="true"
    Precision="50"
    ColumnName="PRODUCT_NAME"
    SQLType="VARCHAR"
    Type="java.lang.String"
    ColumnType="VARCHAR2"
    TableName="PRODUCTS_BASE">
    <DesignTime>
      <Attr Name="_DisplaySize" Value="50"/>
    </DesignTime>
  </Attribute>
  <Attribute
    Name="ProductStatus"
    IsNotNull="true"
    Precision="30"
    ColumnName="PRODUCT_STATUS"
    SQLType="VARCHAR"
    Type="java.lang.String"
    ColumnType="VARCHAR2"
    TableName="PRODUCTS_BASE">
    <DesignTime>
      <Attr Name="_DisplaySize" Value="30"/>
    </DesignTime>
  </Attribute>
  <Attribute
    Name="CostPrice"
    Precision="8"
    Scale="2"
    ColumnName="COST_PRICE"
    SQLType="NUMERIC"
    Type="oracle.jbo.domain.Number"
    ColumnType="NUMBER"
    TableName="PRODUCTS_BASE">
    <DesignTime>
      <Attr Name="_DisplaySize" Value="10"/>
    </DesignTime>
  </Attribute>
  <Attribute
    Name="ListPrice"
    IsNotNull="true"
    Precision="8"
    Scale="2"
    ColumnName="LIST_PRICE"
    SQLType="NUMERIC"
    Type="oracle.jbo.domain.Number"
    ColumnType="NUMBER"
    TableName="PRODUCTS_BASE">
    <DesignTime>
      <Attr Name="_DisplaySize" Value="10"/>
    </DesignTime>
  </Attribute>
  <Attribute
    Name="MinPrice"
    IsNotNull="true"
    Precision="8"
    Scale="2"
    ColumnName="MIN_PRICE"
    SQLType="NUMERIC"
    Type="oracle.jbo.domain.Number"
    ColumnType="NUMBER"
    TableName="PRODUCTS_BASE">
    <DesignTime>
      <Attr Name="_DisplaySize" Value="10"/>
    </DesignTime>
  </Attribute>
  <Attribute
    Name="WarrantyPeriodMonths"
    Precision="2"
    Scale="0"
    ColumnName="WARRANTY_PERIOD_MONTHS"
    SQLType="NUMERIC"
    Type="oracle.jbo.domain.Number"
    ColumnType="NUMBER"
    TableName="PRODUCTS_BASE">
    <DesignTime>
      <Attr Name="_DisplaySize" Value="3"/>
    </DesignTime>
  </Attribute>
  <Attribute
    Name="ShippingClassCode"
    IsNotNull="true"
    Precision="30"
    ColumnName="SHIPPING_CLASS_CODE"
    SQLType="VARCHAR"
    Type="java.lang.String"
    ColumnType="VARCHAR2"
    TableName="PRODUCTS_BASE">
    <DesignTime>
      <Attr Name="_DisplaySize" Value="30"/>
    </DesignTime>
  </Attribute>
  <Attribute
    Name="ExternalUrl"
    Precision="200"
    ColumnName="EXTERNAL_URL"
    SQLType="VARCHAR"
    Type="java.lang.String"
    ColumnType="VARCHAR2"
    TableName="PRODUCTS_BASE">
    <DesignTime>
      <Attr Name="_DisplaySize" Value="200"/>
    </DesignTime>
  </Attribute>
  <Attribute
    Name="AttributeCategory"
    Precision="30"
    ColumnName="ATTRIBUTE_CATEGORY"
    SQLType="VARCHAR"
    Type="java.lang.String"
    ColumnType="VARCHAR2"
    TableName="PRODUCTS_BASE">
    <DesignTime>
      <Attr Name="_DisplaySize" Value="30"/>
    </DesignTime>
  </Attribute>
  <Attribute
    Name="Attribute1"
    Precision="150"
    ColumnName="ATTRIBUTE1"
    SQLType="VARCHAR"
    Type="java.lang.String"
    ColumnType="VARCHAR2"
    TableName="PRODUCTS_BASE">
    <DesignTime>
      <Attr Name="_DisplaySize" Value="150"/>
    </DesignTime>
  </Attribute>
  <Attribute
    Name="Attribute2"
    Precision="150"
    ColumnName="ATTRIBUTE2"
    SQLType="VARCHAR"
    Type="java.lang.String"
    ColumnType="VARCHAR2"
    TableName="PRODUCTS_BASE">
    <DesignTime>
      <Attr Name="_DisplaySize" Value="150"/>
    </DesignTime>
  </Attribute>
  <Attribute
    Name="Attribute3"
    Precision="150"
    ColumnName="ATTRIBUTE3"
    SQLType="VARCHAR"
    Type="java.lang.String"
    ColumnType="VARCHAR2"
    TableName="PRODUCTS_BASE">
    <DesignTime>
      <Attr Name="_DisplaySize" Value="150"/>
    </DesignTime>
  </Attribute>
  <Attribute
    Name="Attribute4"
    Precision="150"
    ColumnName="ATTRIBUTE4"
    SQLType="VARCHAR"
    Type="java.lang.String"
    ColumnType="VARCHAR2"
    TableName="PRODUCTS_BASE">
    <DesignTime>
      <Attr Name="_DisplaySize" Value="150"/>
    </DesignTime>
  </Attribute>
  <Attribute
    Name="Attribute5"
    Precision="150"
    ColumnName="ATTRIBUTE5"
    SQLType="VARCHAR"
    Type="java.lang.String"
    ColumnType="VARCHAR2"
    TableName="PRODUCTS_BASE">
    <DesignTime>
      <Attr Name="_DisplaySize" Value="150"/>
    </DesignTime>
  </Attribute>
  <Attribute
    Name="Attribute6"
    Precision="150"
    ColumnName="ATTRIBUTE6"
    SQLType="VARCHAR"
    Type="java.lang.String"
    ColumnType="VARCHAR2"
    TableName="PRODUCTS_BASE">
    <DesignTime>
      <Attr Name="_DisplaySize" Value="150"/>
    </DesignTime>
  </Attribute>
  <Attribute
    Name="Attribute7"
    Precision="150"
    ColumnName="ATTRIBUTE7"
    SQLType="VARCHAR"
    Type="java.lang.String"
    ColumnType="VARCHAR2"
    TableName="PRODUCTS_BASE">
    <DesignTime>
      <Attr Name="_DisplaySize" Value="150"/>
    </DesignTime>
  </Attribute>
  <Attribute
    Name="Attribute8"
    Precision="150"
    ColumnName="ATTRIBUTE8"
    SQLType="VARCHAR"
    Type="java.lang.String"
    ColumnType="VARCHAR2"
    TableName="PRODUCTS_BASE">
    <DesignTime>
      <Attr Name="_DisplaySize" Value="150"/>
    </DesignTime>
  </Attribute>
  <Attribute
    Name="Attribute9"
    Precision="150"
    ColumnName="ATTRIBUTE9"
    SQLType="VARCHAR"
    Type="java.lang.String"
    ColumnType="VARCHAR2"
    TableName="PRODUCTS_BASE">
    <DesignTime>
      <Attr Name="_DisplaySize" Value="150"/>
    </DesignTime>
  </Attribute>
  <Attribute
    Name="Attribute10"
    Precision="150"
    ColumnName="ATTRIBUTE10"
    SQLType="VARCHAR"
    Type="java.lang.String"
    ColumnType="VARCHAR2"
    TableName="PRODUCTS_BASE">
    <DesignTime>
      <Attr Name="_DisplaySize" Value="150"/>
    </DesignTime>
  </Attribute>
  <Attribute
    Name="Attribute11"
    Precision="150"
    ColumnName="ATTRIBUTE11"
    SQLType="VARCHAR"
    Type="java.lang.String"
    ColumnType="VARCHAR2"
    TableName="PRODUCTS_BASE">
    <DesignTime>
      <Attr Name="_DisplaySize" Value="150"/>
    </DesignTime>
  </Attribute>
  <Attribute
    Name="Attribute12"
    Precision="150"
    ColumnName="ATTRIBUTE12"
    SQLType="VARCHAR"
    Type="java.lang.String"
    ColumnType="VARCHAR2"
    TableName="PRODUCTS_BASE">
    <DesignTime>
      <Attr Name="_DisplaySize" Value="150"/>
    </DesignTime>
  </Attribute>
  <Attribute
    Name="Attribute13"
    Precision="150"
    ColumnName="ATTRIBUTE13"
    SQLType="VARCHAR"
    Type="java.lang.String"
    ColumnType="VARCHAR2"
    TableName="PRODUCTS_BASE">
    <DesignTime>
      <Attr Name="_DisplaySize" Value="150"/>
    </DesignTime>
  </Attribute>
  <Attribute
    Name="Attribute14"
    Precision="150"
    ColumnName="ATTRIBUTE14"
    SQLType="VARCHAR"
    Type="java.lang.String"
    ColumnType="VARCHAR2"
    TableName="PRODUCTS_BASE">
    <DesignTime>
      <Attr Name="_DisplaySize" Value="150"/>
    </DesignTime>
  </Attribute>
  <Attribute
    Name="Attribute15"
    Precision="150"
    ColumnName="ATTRIBUTE15"
    SQLType="VARCHAR"
    Type="java.lang.String"
    ColumnType="VARCHAR2"
    TableName="PRODUCTS_BASE">
    <DesignTime>
      <Attr Name="_DisplaySize" Value="150"/>
    </DesignTime>
  </Attribute>
  <Attribute
    Name="CreatedBy"
    IsNotNull="true"
    Precision="60"
    ColumnName="CREATED_BY"
    SQLType="VARCHAR"
    Type="java.lang.String"
    ColumnType="VARCHAR2"
    TableName="PRODUCTS_BASE">
    <DesignTime>
      <Attr Name="_DisplaySize" Value="60"/>
    </DesignTime>
  </Attribute>
  <Attribute
    Name="CreationDate"
    IsNotNull="true"
    ColumnName="CREATION_DATE"
    SQLType="TIMESTAMP"
    Type="oracle.jbo.domain.Date"
    ColumnType="DATE"
    TableName="PRODUCTS_BASE">
    <DesignTime>
      <Attr Name="_DisplaySize" Value="7"/>
    </DesignTime>
  </Attribute>
  <Attribute
    Name="LastUpdatedBy"
    IsNotNull="true"
    Precision="60"
    ColumnName="LAST_UPDATED_BY"
    SQLType="VARCHAR"
    Type="java.lang.String"
    ColumnType="VARCHAR2"
    TableName="PRODUCTS_BASE">
    <DesignTime>
      <Attr Name="_DisplaySize" Value="60"/>
    </DesignTime>
  </Attribute>
  <Attribute
    Name="LastUpdateDate"
    IsNotNull="true"
    ColumnName="LAST_UPDATE_DATE"
    SQLType="TIMESTAMP"
    Type="oracle.jbo.domain.Date"
    ColumnType="DATE"
    TableName="PRODUCTS_BASE">
    <DesignTime>
      <Attr Name="_DisplaySize" Value="7"/>
    </DesignTime>
  </Attribute>
  <Attribute
    Name="ObjectVersionId"
    IsNotNull="true"
    Precision="15"
    Scale="0"
    ColumnName="OBJECT_VERSION_ID"
    SQLType="NUMERIC"
    Type="oracle.jbo.domain.Number"
    ColumnType="NUMBER"
    TableName="PRODUCTS_BASE">
    <DesignTime>
      <Attr Name="_DisplaySize" Value="16"/>
    </DesignTime>
  </Attribute>
  <AccessorAttribute
    Name="OrderItemsEO"
    Association="model.mwgl.eo.assoc.OrderItemsProductsFkAssoc"
    AssociationEnd="model.mwgl.eo.assoc.OrderItemsProductsFkAssoc.OrderItemsEO"
    AssociationOtherEnd="model.mwgl.eo.assoc.OrderItemsProductsFkAssoc.ProductsBaseEO"
    Type="oracle.jbo.RowIterator"
    IsUpdateable="false"/>
  <AccessorAttribute
    Name="ProductTranslationsEO"
    Association="model.mwgl.eo.assoc.ProductTranslationsFkAssoc"
    AssociationEnd="model.mwgl.eo.assoc.ProductTranslationsFkAssoc.ProductTranslationsEO"
    AssociationOtherEnd="model.mwgl.eo.assoc.ProductTranslationsFkAssoc.ProductsBaseEO"
    Type="oracle.jbo.RowIterator"
    IsUpdateable="false"/>
  <Key
    Name="ProductsPk"
    PrimaryKey="true">
    <DesignTime>
      <Attr Name="_DBObjectName" Value="PRODUCTS_PK"/>
    </DesignTime>
    <AttrArray Name="Attributes">
      <Item Value="model.mwgl.eo.ProductsBaseEO.ProductId"/>
    </AttrArray>
  </Key>
  <Key
    Name="SysC007595">
    <DesignTime>
      <Attr Name="_DBObjectName" Value="SYS_C007595"/>
      <Attr Name="_checkCondition" Value='"PRODUCT_ID" IS NOT NULL'/>
      <Attr Name="_isCheck" Value="true"/>
    </DesignTime>
    <AttrArray Name="Attributes">
      <Item Value="model.mwgl.eo.ProductsBaseEO.ProductId"/>
    </AttrArray>
  </Key>
  <Key
    Name="SysC007596">
    <DesignTime>
      <Attr Name="_DBObjectName" Value="SYS_C007596"/>
      <Attr Name="_checkCondition" Value='"SUPPLIER_ID" IS NOT NULL'/>
      <Attr Name="_isCheck" Value="true"/>
    </DesignTime>
    <AttrArray Name="Attributes">
      <Item Value="model.mwgl.eo.ProductsBaseEO.SupplierId"/>
    </AttrArray>
  </Key>
  <Key
    Name="SysC007597">
    <DesignTime>
      <Attr Name="_DBObjectName" Value="SYS_C007597"/>
      <Attr Name="_checkCondition" Value='"PRODUCT_NAME" IS NOT NULL'/>
      <Attr Name="_isCheck" Value="true"/>
    </DesignTime>
    <AttrArray Name="Attributes">
      <Item Value="model.mwgl.eo.ProductsBaseEO.ProductName"/>
    </AttrArray>
  </Key>
  <Key
    Name="SysC007598">
    <DesignTime>
      <Attr Name="_DBObjectName" Value="SYS_C007598"/>
      <Attr Name="_checkCondition" Value='"PRODUCT_STATUS" IS NOT NULL'/>
      <Attr Name="_isCheck" Value="true"/>
    </DesignTime>
    <AttrArray Name="Attributes">
      <Item Value="model.mwgl.eo.ProductsBaseEO.ProductStatus"/>
    </AttrArray>
  </Key>
  <Key
    Name="SysC007599">
    <DesignTime>
      <Attr Name="_DBObjectName" Value="SYS_C007599"/>
      <Attr Name="_checkCondition" Value='"LIST_PRICE" IS NOT NULL'/>
      <Attr Name="_isCheck" Value="true"/>
    </DesignTime>
    <AttrArray Name="Attributes">
      <Item Value="model.mwgl.eo.ProductsBaseEO.ListPrice"/>
    </AttrArray>
  </Key>
  <Key
    Name="SysC007600">
    <DesignTime>
      <Attr Name="_DBObjectName" Value="SYS_C007600"/>
      <Attr Name="_checkCondition" Value='"MIN_PRICE" IS NOT NULL'/>
      <Attr Name="_isCheck" Value="true"/>
    </DesignTime>
    <AttrArray Name="Attributes">
      <Item Value="model.mwgl.eo.ProductsBaseEO.MinPrice"/>
    </AttrArray>
  </Key>
  <Key
    Name="SysC007601">
    <DesignTime>
      <Attr Name="_DBObjectName" Value="SYS_C007601"/>
      <Attr Name="_checkCondition" Value='"SHIPPING_CLASS_CODE" IS NOT NULL'/>
      <Attr Name="_isCheck" Value="true"/>
    </DesignTime>
    <AttrArray Name="Attributes">
      <Item Value="model.mwgl.eo.ProductsBaseEO.ShippingClassCode"/>
    </AttrArray>
  </Key>
  <Key
    Name="SysC007602">
    <DesignTime>
      <Attr Name="_DBObjectName" Value="SYS_C007602"/>
      <Attr Name="_checkCondition" Value='"CREATED_BY" IS NOT NULL'/>
      <Attr Name="_isCheck" Value="true"/>
    </DesignTime>
    <AttrArray Name="Attributes">
      <Item Value="model.mwgl.eo.ProductsBaseEO.CreatedBy"/>
    </AttrArray>
  </Key>
  <Key
    Name="SysC007603">
    <DesignTime>
      <Attr Name="_DBObjectName" Value="SYS_C007603"/>
      <Attr Name="_checkCondition" Value='"CREATION_DATE" IS NOT NULL'/>
      <Attr Name="_isCheck" Value="true"/>
    </DesignTime>
    <AttrArray Name="Attributes">
      <Item Value="model.mwgl.eo.ProductsBaseEO.CreationDate"/>
    </AttrArray>
  </Key>
  <Key
    Name="SysC007604">
    <DesignTime>
      <Attr Name="_DBObjectName" Value="SYS_C007604"/>
      <Attr Name="_checkCondition" Value='"LAST_UPDATED_BY" IS NOT NULL'/>
      <Attr Name="_isCheck" Value="true"/>
    </DesignTime>
    <AttrArray Name="Attributes">
      <Item Value="model.mwgl.eo.ProductsBaseEO.LastUpdatedBy"/>
    </AttrArray>
  </Key>
  <Key
    Name="SysC007605">
    <DesignTime>
      <Attr Name="_DBObjectName" Value="SYS_C007605"/>
      <Attr Name="_checkCondition" Value='"LAST_UPDATE_DATE" IS NOT NULL'/>
      <Attr Name="_isCheck" Value="true"/>
    </DesignTime>
    <AttrArray Name="Attributes">
      <Item Value="model.mwgl.eo.ProductsBaseEO.LastUpdateDate"/>
    </AttrArray>
  </Key>
  <Key
    Name="SysC007606">
    <DesignTime>
      <Attr Name="_DBObjectName" Value="SYS_C007606"/>
      <Attr Name="_checkCondition" Value='"OBJECT_VERSION_ID" IS NOT NULL'/>
      <Attr Name="_isCheck" Value="true"/>
    </DesignTime>
    <AttrArray Name="Attributes">
      <Item Value="model.mwgl.eo.ProductsBaseEO.ObjectVersionId"/>
    </AttrArray>
  </Key>
  <Key
    Name="ProductsProductCategoriesFk">
    <DesignTime>
      <Attr Name="_referencedKey" Value="PRODUCT_TAGS_PK"/>
      <Attr Name="_isForeign" Value="true"/>
      <Attr Name="_DBObjectName" Value="PRODUCTS_PRODUCT_CATEGORIES_FK"/>
    </DesignTime>
    <AttrArray Name="Attributes">
      <Item Value="model.mwgl.eo.ProductsBaseEO.CategoryId"/>
    </AttrArray>
  </Key>
  <Key
    Name="ProductsSuppliersFk">
    <DesignTime>
      <Attr Name="_referencedKey" Value="SUPPLIERS_PK"/>
      <Attr Name="_isForeign" Value="true"/>
      <Attr Name="_DBObjectName" Value="PRODUCTS_SUPPLIERS_FK"/>
    </DesignTime>
    <AttrArray Name="Attributes">
      <Item Value="model.mwgl.eo.ProductsBaseEO.SupplierId"/>
    </AttrArray>
  </Key>
</Entity>
