<?xml version="1.0" encoding="windows-1252" ?>
<!DOCTYPE Entity SYSTEM "jbo_03_01.dtd">
<!---->
<Entity
  xmlns="http://xmlns.oracle.com/bc4j"
  Name="ShippingOptionsBase"
  Version="11.1.1.64.93"
  InheritPersonalization="true"
  DBObjectType="table"
  DBObjectName="SHIPPING_OPTIONS_BASE"
  AliasName="ShippingOptionsBase"
  BindingStyle="OracleName"
  UseGlueCode="false">
  <DesignTime>
    <Attr Name="_codeGenFlag2" Value="Access"/>
    <AttrArray Name="_publishEvents"/>
  </DesignTime>
  <Attribute
    Name="ShippingOptionId"
    IsNotNull="true"
    Precision="15"
    Scale="0"
    ColumnName="SHIPPING_OPTION_ID"
    SQLType="NUMERIC"
    Type="oracle.jbo.domain.Number"
    ColumnType="NUMBER"
    TableName="SHIPPING_OPTIONS_BASE"
    PrimaryKey="true">
    <DesignTime>
      <Attr Name="_DisplaySize" Value="16"/>
    </DesignTime>
  </Attribute>
  <Attribute
    Name="CountryCode"
    Precision="2"
    ColumnName="COUNTRY_CODE"
    SQLType="VARCHAR"
    Type="java.lang.String"
    ColumnType="VARCHAR2"
    TableName="SHIPPING_OPTIONS_BASE">
    <DesignTime>
      <Attr Name="_DisplaySize" Value="2"/>
    </DesignTime>
  </Attribute>
  <Attribute
    Name="CostPerClass1Item"
    IsNotNull="true"
    Precision="8"
    Scale="2"
    ColumnName="COST_PER_CLASS1_ITEM"
    SQLType="NUMERIC"
    Type="oracle.jbo.domain.Number"
    ColumnType="NUMBER"
    TableName="SHIPPING_OPTIONS_BASE">
    <DesignTime>
      <Attr Name="_DisplaySize" Value="10"/>
    </DesignTime>
  </Attribute>
  <Attribute
    Name="CostPerClass2Item"
    IsNotNull="true"
    Precision="8"
    Scale="2"
    ColumnName="COST_PER_CLASS2_ITEM"
    SQLType="NUMERIC"
    Type="oracle.jbo.domain.Number"
    ColumnType="NUMBER"
    TableName="SHIPPING_OPTIONS_BASE">
    <DesignTime>
      <Attr Name="_DisplaySize" Value="10"/>
    </DesignTime>
  </Attribute>
  <Attribute
    Name="CostPerClass3Item"
    IsNotNull="true"
    Precision="8"
    Scale="2"
    ColumnName="COST_PER_CLASS3_ITEM"
    SQLType="NUMERIC"
    Type="oracle.jbo.domain.Number"
    ColumnType="NUMBER"
    TableName="SHIPPING_OPTIONS_BASE">
    <DesignTime>
      <Attr Name="_DisplaySize" Value="10"/>
    </DesignTime>
  </Attribute>
  <Attribute
    Name="FreeShippingAllowedFlag"
    Precision="1"
    ColumnName="FREE_SHIPPING_ALLOWED_FLAG"
    SQLType="VARCHAR"
    Type="java.lang.String"
    ColumnType="VARCHAR2"
    TableName="SHIPPING_OPTIONS_BASE">
    <DesignTime>
      <Attr Name="_DisplaySize" Value="1"/>
    </DesignTime>
  </Attribute>
  <Attribute
    Name="CreatedBy"
    IsNotNull="true"
    Precision="60"
    ColumnName="CREATED_BY"
    SQLType="VARCHAR"
    Type="java.lang.String"
    ColumnType="VARCHAR2"
    TableName="SHIPPING_OPTIONS_BASE">
    <DesignTime>
      <Attr Name="_DisplaySize" Value="60"/>
    </DesignTime>
  </Attribute>
  <Attribute
    Name="CreationDate"
    IsNotNull="true"
    ColumnName="CREATION_DATE"
    SQLType="TIMESTAMP"
    Type="oracle.jbo.domain.Date"
    ColumnType="DATE"
    TableName="SHIPPING_OPTIONS_BASE">
    <DesignTime>
      <Attr Name="_DisplaySize" Value="7"/>
    </DesignTime>
  </Attribute>
  <Attribute
    Name="LastUpdatedBy"
    IsNotNull="true"
    Precision="60"
    ColumnName="LAST_UPDATED_BY"
    SQLType="VARCHAR"
    Type="java.lang.String"
    ColumnType="VARCHAR2"
    TableName="SHIPPING_OPTIONS_BASE">
    <DesignTime>
      <Attr Name="_DisplaySize" Value="60"/>
    </DesignTime>
  </Attribute>
  <Attribute
    Name="LastUpdateDate"
    IsNotNull="true"
    ColumnName="LAST_UPDATE_DATE"
    SQLType="TIMESTAMP"
    Type="oracle.jbo.domain.Date"
    ColumnType="DATE"
    TableName="SHIPPING_OPTIONS_BASE">
    <DesignTime>
      <Attr Name="_DisplaySize" Value="7"/>
    </DesignTime>
  </Attribute>
  <Attribute
    Name="ObjectVersionId"
    IsNotNull="true"
    Precision="15"
    Scale="0"
    ColumnName="OBJECT_VERSION_ID"
    SQLType="NUMERIC"
    Type="oracle.jbo.domain.Number"
    ColumnType="NUMBER"
    TableName="SHIPPING_OPTIONS_BASE">
    <DesignTime>
      <Attr Name="_DisplaySize" Value="16"/>
    </DesignTime>
  </Attribute>
  <AccessorAttribute
    Name="ShippingOptionTranslations"
    Association="model.mwgl.eo.assoc.ShippingOptionTranslationFkAssoc"
    AssociationEnd="model.mwgl.eo.assoc.ShippingOptionTranslationFkAssoc.ShippingOptionTranslations"
    AssociationOtherEnd="model.mwgl.eo.assoc.ShippingOptionTranslationFkAssoc.ShippingOptionsBase"
    Type="oracle.jbo.RowIterator"
    IsUpdateable="false"/>
  <Key
    Name="ShippingOptionsFreeChk">
    <DesignTime>
      <Attr Name="_DBObjectName" Value="SHIPPING_OPTIONS_FREE_CHK"/>
      <Attr Name="_checkCondition"
        Value="FREE_SHIPPING_ALLOWED_FLAG  in ('Y','N')"/>
      <Attr Name="_isCheck" Value="true"/>
    </DesignTime>
    <AttrArray Name="Attributes">
      <Item Value="model.mwgl.eo.ShippingOptionsBase.FreeShippingAllowedFlag"/>
    </AttrArray>
  </Key>
  <Key
    Name="ShippingOptionsPk"
    PrimaryKey="true">
    <DesignTime>
      <Attr Name="_DBObjectName" Value="SHIPPING_OPTIONS_PK"/>
    </DesignTime>
    <AttrArray Name="Attributes">
      <Item Value="model.mwgl.eo.ShippingOptionsBase.ShippingOptionId"/>
    </AttrArray>
  </Key>
  <Key
    Name="SysC007716">
    <DesignTime>
      <Attr Name="_DBObjectName" Value="SYS_C007716"/>
      <Attr Name="_checkCondition" Value='"SHIPPING_OPTION_ID" IS NOT NULL'/>
      <Attr Name="_isCheck" Value="true"/>
    </DesignTime>
    <AttrArray Name="Attributes">
      <Item Value="model.mwgl.eo.ShippingOptionsBase.ShippingOptionId"/>
    </AttrArray>
  </Key>
  <Key
    Name="SysC007717">
    <DesignTime>
      <Attr Name="_DBObjectName" Value="SYS_C007717"/>
      <Attr Name="_checkCondition" Value='"COST_PER_CLASS1_ITEM" IS NOT NULL'/>
      <Attr Name="_isCheck" Value="true"/>
    </DesignTime>
    <AttrArray Name="Attributes">
      <Item Value="model.mwgl.eo.ShippingOptionsBase.CostPerClass1Item"/>
    </AttrArray>
  </Key>
  <Key
    Name="SysC007718">
    <DesignTime>
      <Attr Name="_DBObjectName" Value="SYS_C007718"/>
      <Attr Name="_checkCondition" Value='"COST_PER_CLASS2_ITEM" IS NOT NULL'/>
      <Attr Name="_isCheck" Value="true"/>
    </DesignTime>
    <AttrArray Name="Attributes">
      <Item Value="model.mwgl.eo.ShippingOptionsBase.CostPerClass2Item"/>
    </AttrArray>
  </Key>
  <Key
    Name="SysC007719">
    <DesignTime>
      <Attr Name="_DBObjectName" Value="SYS_C007719"/>
      <Attr Name="_checkCondition" Value='"COST_PER_CLASS3_ITEM" IS NOT NULL'/>
      <Attr Name="_isCheck" Value="true"/>
    </DesignTime>
    <AttrArray Name="Attributes">
      <Item Value="model.mwgl.eo.ShippingOptionsBase.CostPerClass3Item"/>
    </AttrArray>
  </Key>
  <Key
    Name="SysC007720">
    <DesignTime>
      <Attr Name="_DBObjectName" Value="SYS_C007720"/>
      <Attr Name="_checkCondition" Value='"CREATED_BY" IS NOT NULL'/>
      <Attr Name="_isCheck" Value="true"/>
    </DesignTime>
    <AttrArray Name="Attributes">
      <Item Value="model.mwgl.eo.ShippingOptionsBase.CreatedBy"/>
    </AttrArray>
  </Key>
  <Key
    Name="SysC007721">
    <DesignTime>
      <Attr Name="_DBObjectName" Value="SYS_C007721"/>
      <Attr Name="_checkCondition" Value='"CREATION_DATE" IS NOT NULL'/>
      <Attr Name="_isCheck" Value="true"/>
    </DesignTime>
    <AttrArray Name="Attributes">
      <Item Value="model.mwgl.eo.ShippingOptionsBase.CreationDate"/>
    </AttrArray>
  </Key>
  <Key
    Name="SysC007722">
    <DesignTime>
      <Attr Name="_DBObjectName" Value="SYS_C007722"/>
      <Attr Name="_checkCondition" Value='"LAST_UPDATED_BY" IS NOT NULL'/>
      <Attr Name="_isCheck" Value="true"/>
    </DesignTime>
    <AttrArray Name="Attributes">
      <Item Value="model.mwgl.eo.ShippingOptionsBase.LastUpdatedBy"/>
    </AttrArray>
  </Key>
  <Key
    Name="SysC007723">
    <DesignTime>
      <Attr Name="_DBObjectName" Value="SYS_C007723"/>
      <Attr Name="_checkCondition" Value='"LAST_UPDATE_DATE" IS NOT NULL'/>
      <Attr Name="_isCheck" Value="true"/>
    </DesignTime>
    <AttrArray Name="Attributes">
      <Item Value="model.mwgl.eo.ShippingOptionsBase.LastUpdateDate"/>
    </AttrArray>
  </Key>
  <Key
    Name="SysC007724">
    <DesignTime>
      <Attr Name="_DBObjectName" Value="SYS_C007724"/>
      <Attr Name="_checkCondition" Value='"OBJECT_VERSION_ID" IS NOT NULL'/>
      <Attr Name="_isCheck" Value="true"/>
    </DesignTime>
    <AttrArray Name="Attributes">
      <Item Value="model.mwgl.eo.ShippingOptionsBase.ObjectVersionId"/>
    </AttrArray>
  </Key>
</Entity>
