<?xml version="1.0" encoding="windows-1252" ?>
<!DOCTYPE AppModule SYSTEM "jbo_03_01.dtd">
<!---->
<AppModule
  xmlns="http://xmlns.oracle.com/bc4j"
  Name="FodAppModule"
  Version="11.1.1.64.93"
  InheritPersonalization="true"
  ClearCacheOnRollback="true"
  ComponentClass="model.mwgl.service.FodAppModuleImpl"
  DefClass="model.mwgl.service.FodAppModuleDefImpl"
  ComponentInterface="model.mwgl.service.common.FodAppModule"
  ClientProxyName="model.mwgl.service.client.FodAppModuleClient">
  <DesignTime>
    <Attr Name="_deployType" Value="0"/>
    <Attr Name="_isCodegen" Value="true"/>
    <Attr Name="_isDefCodegen" Value="true"/>
  </DesignTime>
  <ViewUsage
    Name="PersonsVO"
    ViewObjectName="model.mwgl.vo.PersonsVO"/>
  <ViewUsage
    Name="OrdersVO"
    ViewObjectName="model.mwgl.vo.OrdersVO"/>
  <ViewUsage
    Name="AddressesVO"
    ViewObjectName="model.mwgl.vo.AddressesVO"/>
  <ViewUsage
    Name="PaymentOptionsVO"
    ViewObjectName="model.mwgl.vo.PaymentOptionsVO"/>
  <ViewUsage
    Name="OrderItemsVO"
    ViewObjectName="model.mwgl.vo.OrderItemsVO"/>
  <ViewUsage
    Name="PaymentOptionsVO1"
    ViewObjectName="model.mwgl.vo.PaymentOptionsVO"/>
  <ViewUsage
    Name="AddressesVO1"
    ViewObjectName="model.mwgl.vo.AddressesVO"/>
  <ViewUsage
    Name="ShoppingCartTransientView1"
    ViewObjectName="model.mwgl.vo.ShoppingCartTransientView"/>
  <ViewUsage
    Name="ProductsBaseVO1"
    ViewObjectName="model.mwgl.vo.ProductsBaseVO"/>
  <ViewUsage
    Name="AddressAndUsageVO1"
    ViewObjectName="model.mwgl.vo.AddressAndUsageVO"/>
  <ViewUsage
    Name="FindByOrderIdView1"
    ViewObjectName="model.mwgl.vo.FindByOrderIdView"/>
  <ViewUsage
    Name="FindAddressesByIdView1"
    ViewObjectName="model.mwgl.vo.FindAddressesByIdView"/>
  <ViewUsage
    Name="PaymentOptionsForUser"
    ViewObjectName="model.mwgl.vo.PaymentOptionsVO"/>
  <ViewUsage
    Name="CustomerRegistrationVO"
    ViewObjectName="model.mwgl.vo.CustomerRegistrationView"/>
  <ViewUsage
    Name="CustomerAddress"
    ViewObjectName="model.mwgl.vo.CustomerAddressView"/>
  <ViewUsage
    Name="CustomerPaymentOption"
    ViewObjectName="model.mwgl.vo.CustomerPaymentOptionView"/>
  <ViewLinkUsage
    Name="OrdersPersonsFkLink1"
    ViewLinkObjectName="model.mwgl.vo.links.OrdersPersonsFkLink"
    SrcViewUsageName="model.mwgl.service.FodAppModule.PersonsVO"
    DstViewUsageName="model.mwgl.service.FodAppModule.OrdersVO"
    Reversed="false"/>
  <ViewLinkUsage
    Name="Oreder_Address1"
    ViewLinkObjectName="model.mwgl.vo.links.Oreder_Address"
    SrcViewUsageName="model.mwgl.service.FodAppModule.OrdersVO"
    DstViewUsageName="model.mwgl.service.FodAppModule.AddressesVO"
    Reversed="false"/>
  <ViewLinkUsage
    Name="Order_PatmentsLink1"
    ViewLinkObjectName="model.mwgl.vo.links.Order_PatmentsLink"
    SrcViewUsageName="model.mwgl.service.FodAppModule.OrdersVO"
    DstViewUsageName="model.mwgl.service.FodAppModule.PaymentOptionsVO"
    Reversed="false"/>
  <ViewLinkUsage
    Name="OrderItemsOrdersFkLink1"
    ViewLinkObjectName="model.mwgl.vo.links.OrderItemsOrdersFkLink"
    SrcViewUsageName="model.mwgl.service.FodAppModule.OrdersVO"
    DstViewUsageName="model.mwgl.service.FodAppModule.OrderItemsVO"
    Reversed="false"/>
  <ViewLinkUsage
    Name="Payment_Address_Link1"
    ViewLinkObjectName="model.mwgl.vo.links.Payment_Address_Link"
    SrcViewUsageName="model.mwgl.service.FodAppModule.PaymentOptionsVO"
    DstViewUsageName="model.mwgl.service.FodAppModule.AddressesVO1"
    Reversed="false"/>
  <ViewLinkUsage
    Name="PersonsToAddressesAndUsagesLink1"
    ViewLinkObjectName="model.mwgl.vo.links.PersonsToAddressesAndUsagesLink"
    SrcViewUsageName="model.mwgl.service.FodAppModule.PersonsVO"
    DstViewUsageName="model.mwgl.service.FodAppModule.AddressAndUsageVO1"
    Reversed="false"/>
  <ViewLinkUsage
    Name="PersonsToPaymentOptions1"
    ViewLinkObjectName="model.mwgl.vo.links.PersonsToPaymentOptions"
    SrcViewUsageName="model.mwgl.service.FodAppModule.PersonsVO"
    DstViewUsageName="model.mwgl.service.FodAppModule.PaymentOptionsForUser"
    Reversed="false"/>
  <ViewLinkUsage
    Name="CustomerRegistrationToCustomerAddressLink1"
    ViewLinkObjectName="model.mwgl.vo.links.CustomerRegistrationToCustomerAddressLink"
    SrcViewUsageName="model.mwgl.service.FodAppModule.CustomerRegistrationVO"
    DstViewUsageName="model.mwgl.service.FodAppModule.CustomerAddress"
    Reversed="false"/>
  <ViewLinkUsage
    Name="CustomerRegistrationToCustomerPaymentOptionLink1"
    ViewLinkObjectName="model.mwgl.vo.links.CustomerRegistrationToCustomerPaymentOptionLink"
    SrcViewUsageName="model.mwgl.service.FodAppModule.CustomerRegistrationVO"
    DstViewUsageName="model.mwgl.service.FodAppModule.CustomerPaymentOption"
    Reversed="false"/>
  <ClientInterface>
    <Method
      Name="removeItemFromCart">
      <Return
        Type="void"/>
      <Parameter
        Name="productId"
        Type="oracle.jbo.domain.Number"/>
    </Method>
    <Method
      Name="removeAllItemsFromCart">
      <Return
        Type="void"/>
    </Method>
    <Method
      Name="getProductIdViewCriteria">
      <Return
        Type="oracle.jbo.Row"/>
      <Parameter
        Name="productID"
        Type="oracle.jbo.domain.Number"/>
    </Method>
    <Method
      Name="createOrderItems">
      <Return
        Type="void"/>
      <Parameter
        Name="productID"
        Type="oracle.jbo.domain.Number"/>
    </Method>
    <Method
      Name="createNewOrder">
      <Return
        Type="java.lang.String"/>
    </Method>
    <Method
      Name="addItemInTransientVO">
      <Return
        Type="java.lang.String"/>
      <Parameter
        Name="productID"
        Type="oracle.jbo.domain.Number"/>
    </Method>
    <Method
      Name="userRegistrationCreateAddress">
      <Return
        Type="void"/>
    </Method>
    <Method
      Name="userRegistrationCreate">
      <Return
        Type="void"/>
    </Method>
  </ClientInterface>
</AppModule>
