<?xml version="1.0" encoding="windows-1252" ?>
<!DOCTYPE ViewObject SYSTEM "jbo_03_01.dtd">
<!---->
<ViewObject
  xmlns="http://xmlns.oracle.com/bc4j"
  Name="AddressAndUsageVO"
  Version="11.1.1.64.93"
  InheritPersonalization="true"
  BindingStyle="OracleName"
  CustomQuery="true"
  PageIterMode="Full"
  UseGlueCode="false"
  RowClass="model.mwgl.vo.AddressAndUsageVORowImpl"
  ComponentClass="model.mwgl.vo.AddressAndUsageVOImpl"
  DefClass="model.mwgl.vo.AddressAndUsageVODefImpl"
  RowInterface="model.mwgl.vo.common.AddressAndUsageVORow"
  ClientRowProxyName="model.mwgl.vo.client.AddressAndUsageVORowClient">
  <DesignTime>
    <Attr Name="_isExpertMode" Value="true"/>
    <Attr Name="_codeGenFlag2" Value="Access|Def|Coll|Prog|VarAccess"/>
    <Attr Name="_isCodegen" Value="true"/>
  </DesignTime>
  <Properties>
    <SchemaBasedProperties>
      <LABEL
        ResId="model.mwgl.vo.AddressAndUsageVO_LABEL"/>
    </SchemaBasedProperties>
  </Properties>
  <Variable
    Name="personid"
    Kind="viewcriteria"
    Type="java.lang.Integer"/>
  <ViewAccessor
    Name="LookupCodeSUsageType"
    ViewObjectName="model.mwgl.vo.LookupCodesView"
    RowLevelBinds="true">
    <ViewCriteriaUsage
      Name="LookupCodesUsageType"
      FullName="model.mwgl.vo.LookupCodesView.LookupCodesUsageType"/>
  </ViewAccessor>
  <ViewAccessor
    Name="CountriesVO1"
    ViewObjectName="model.mwgl.vo.CountriesVO"
    RowLevelBinds="true"/>
  <ListBinding
    Name="LOV_UsageTypeCode"
    ListVOName="LookupCodeSUsageType"
    ListRangeSize="-1"
    NullValueFlag="none"
    NullValueId="LOV_UsageTypeCode_LOVUIHints_NullValueId"
    MRUCount="0">
    <AttrArray Name="AttrNames">
      <Item Value="UsageTypeCode"/>
    </AttrArray>
    <AttrArray Name="ListAttrNames">
      <Item Value="LookupCode"/>
    </AttrArray>
    <AttrArray Name="ListDisplayAttrNames">
      <Item Value="Meaning"/>
    </AttrArray>
    <DisplayCriteria/>
  </ListBinding>
  <ListBinding
    Name="LOV_CountryId"
    ListVOName="CountriesVO1"
    ListRangeSize="-1"
    NullValueFlag="none"
    NullValueId="LOV_CountryId_LOVUIHints_NullValueId"
    MRUCount="0">
    <AttrArray Name="AttrNames">
      <Item Value="CountryId"/>
    </AttrArray>
    <AttrArray Name="ListAttrNames">
      <Item Value="IsoCountryCode"/>
    </AttrArray>
    <AttrArray Name="ListDisplayAttrNames">
      <Item Value="CountryName"/>
    </AttrArray>
    <DisplayCriteria/>
  </ListBinding>
  <SQLQuery>
    <![CDATA[SELECT AddressUsagesEO.ADDRESS_ID, 
       AddressUsagesEO.ADDRESS_USAGES_ID, 
       AddressUsagesEO.ASSOCIATED_OWNER_ID, 
       AddressUsagesEO.CREATED_BY, 
       AddressUsagesEO.CREATION_DATE, 
       AddressUsagesEO.EXPIRED_FLAG, 
       AddressUsagesEO.LAST_UPDATE_DATE, 
       AddressUsagesEO.LAST_UPDATED_BY, 
       AddressUsagesEO.OBJECT_VERSION_ID, 
       AddressUsagesEO.OWNER_TYPE_CODE, 
       AddressUsagesEO.USAGE_TYPE_CODE, 
       AddressesEO.ADDRESS1, 
       AddressesEO.ADDRESS2, 
       AddressesEO.ADDRESS_ID AS ADDRESS_ID1, 
       AddressesEO.CITY, 
       AddressesEO.COUNTRY_ID, 
       AddressesEO.CREATED_BY AS CREATED_BY1, 
       AddressesEO.CREATION_DATE AS CREATION_DATE1, 
       AddressesEO.LAST_UPDATE_DATE AS LAST_UPDATE_DATE1, 
       AddressesEO.LAST_UPDATED_BY AS LAST_UPDATED_BY1, 
       AddressesEO.LATITUDE, 
       AddressesEO.LONGITUDE, 
       AddressesEO.OBJECT_VERSION_ID AS OBJECT_VERSION_ID1, 
       AddressesEO.POSTAL_CODE, 
       AddressesEO.STATE_PROVINCE, 
       CountryCodesEO.COUNTRY_NAME, 
       CountryCodesEO.CREATED_BY AS CREATED_BY2, 
       CountryCodesEO.CREATION_DATE AS CREATION_DATE2, 
       CountryCodesEO.ISO_COUNTRY_CODE, 
       CountryCodesEO.LANGUAGE, 
       CountryCodesEO.LAST_UPDATE_DATE AS LAST_UPDATE_DATE2, 
       CountryCodesEO.LAST_UPDATED_BY AS LAST_UPDATED_BY2, 
       CountryCodesEO.OBJECT_VERSION_ID AS OBJECT_VERSION_ID2, 
       CountryCodesEO.SOURCE_LANG, 
       LookupCodesEO.CREATED_BY AS CREATED_BY3, 
       LookupCodesEO.CREATION_DATE AS CREATION_DATE3, 
       LookupCodesEO.DESCRIPTION, 
       LookupCodesEO.LANGUAGE AS LANGUAGE1, 
       LookupCodesEO.LAST_UPDATE_DATE AS LAST_UPDATE_DATE3, 
       LookupCodesEO.LAST_UPDATED_BY AS LAST_UPDATED_BY3, 
       LookupCodesEO.LOOKUP_CODE, 
       LookupCodesEO.LOOKUP_TYPE, 
       LookupCodesEO.MEANING, 
       LookupCodesEO.OBJECT_VERSION_ID AS OBJECT_VERSION_ID3, 
       LookupCodesEO.SOURCE_LANG AS SOURCE_LANG1

FROM ADDRESS_USAGES AddressUsagesEO, ADDRESSES AddressesEO, COUNTRY_CODES CountryCodesEO, LOOKUP_CODES LookupCodesEO
WHERE AddressUsagesEO.ADDRESS_ID = AddressesEO.ADDRESS_ID 
AND AddressUsagesEO.ASSOCIATED_OWNER_ID IS NOT NULL
AND AddressesEO.COUNTRY_ID = CountryCodesEO.ISO_COUNTRY_CODE
AND CountryCodesEO.LANGUAGE = 'EN'
AND LookupCodesEO.LOOKUP_TYPE='USAGE_TYPE_CODE'

AND LookupCodesEO.LOOKUP_CODE = AddressUsagesEO.USAGE_TYPE_CODE
AND LookupCodesEO.LANGUAGE = 'EN']]>
  </SQLQuery>
  <EntityUsage
    Name="AddressUsagesEO"
    Entity="model.mwgl.eo.AddressUsagesEO"/>
  <EntityUsage
    Name="AddressesEO"
    Entity="model.mwgl.eo.AddressesEO"
    Association="model.mwgl.eo.assoc.AddressUsagesAddressesFkAssoc"
    AssociationEnd="model.mwgl.eo.assoc.AddressUsagesAddressesFkAssoc.AddressesEO"
    SourceUsage="model.mwgl.vo.AddressAndUsageVO.AddressUsagesEO"
    DeleteParticipant="false"
    JoinType="INNER JOIN">
    <DesignTime>
      <AttrArray Name="_srcAttributes">
        <Item Value="model.mwgl.eo.AddressUsagesEO.AddressId"/>
      </AttrArray>
      <AttrArray Name="_dstAttributes">
        <Item Value="model.mwgl.eo.AddressesEO.AddressId"/>
      </AttrArray>
    </DesignTime>
  </EntityUsage>
  <EntityUsage
    Name="CountryCodesEO"
    Entity="model.mwgl.eo.CountryCodesEO"
    SourceUsage="model.mwgl.vo.AddressAndUsageVO.AddressesEO"
    Reference="true"
    DeleteParticipant="false"
    ReadOnly="true"/>
  <EntityUsage
    Name="LookupCodesEO"
    Entity="model.mwgl.eo.LookupCodesEO"
    SourceUsage="model.mwgl.vo.AddressAndUsageVO.CountryCodesEO"
    ReadOnly="true"
    Reference="true"
    DeleteParticipant="false"/>
  <ViewAttribute
    Name="AddressId"
    IsNotNull="true"
    PrecisionRule="true"
    EntityAttrName="AddressId"
    EntityUsage="AddressUsagesEO"
    AliasName="ADDRESS_ID"/>
  <ViewAttribute
    Name="AddressUsagesId"
    IsNotNull="true"
    PrecisionRule="true"
    EntityAttrName="AddressUsagesId"
    EntityUsage="AddressUsagesEO"
    AliasName="ADDRESS_USAGES_ID"
    IsUpdateable="while_insert"
    DefaultValue="@@@@@@0"/>
  <ViewAttribute
    Name="AssociatedOwnerId"
    IsNotNull="true"
    PrecisionRule="true"
    EntityAttrName="AssociatedOwnerId"
    EntityUsage="AddressUsagesEO"
    AliasName="ASSOCIATED_OWNER_ID"/>
  <ViewAttribute
    Name="CreatedBy"
    IsNotNull="true"
    PrecisionRule="true"
    EntityAttrName="CreatedBy"
    EntityUsage="AddressUsagesEO"
    AliasName="CREATED_BY"
    IsUpdateable="false"/>
  <ViewAttribute
    Name="CreationDate"
    IsNotNull="true"
    PrecisionRule="true"
    EntityAttrName="CreationDate"
    EntityUsage="AddressUsagesEO"
    AliasName="CREATION_DATE"
    IsUpdateable="false"/>
  <ViewAttribute
    Name="ExpiredFlag"
    IsNotNull="true"
    PrecisionRule="true"
    EntityAttrName="ExpiredFlag"
    EntityUsage="AddressUsagesEO"
    AliasName="EXPIRED_FLAG"/>
  <ViewAttribute
    Name="LastUpdateDate"
    IsNotNull="true"
    PrecisionRule="true"
    EntityAttrName="LastUpdateDate"
    EntityUsage="AddressUsagesEO"
    AliasName="LAST_UPDATE_DATE"
    IsUpdateable="false"/>
  <ViewAttribute
    Name="LastUpdatedBy"
    IsNotNull="true"
    PrecisionRule="true"
    EntityAttrName="LastUpdatedBy"
    EntityUsage="AddressUsagesEO"
    AliasName="LAST_UPDATED_BY"
    IsUpdateable="false"/>
  <ViewAttribute
    Name="ObjectVersionId"
    IsNotNull="true"
    PrecisionRule="true"
    EntityAttrName="ObjectVersionId"
    EntityUsage="AddressUsagesEO"
    AliasName="OBJECT_VERSION_ID"
    IsUpdateable="false"/>
  <ViewAttribute
    Name="OwnerTypeCode"
    IsNotNull="true"
    PrecisionRule="true"
    EntityAttrName="OwnerTypeCode"
    EntityUsage="AddressUsagesEO"
    AliasName="OWNER_TYPE_CODE"/>
  <ViewAttribute
    Name="UsageTypeCode"
    IsNotNull="true"
    PrecisionRule="true"
    EntityAttrName="UsageTypeCode"
    EntityUsage="AddressUsagesEO"
    AliasName="USAGE_TYPE_CODE"
    LOVName="LOV_UsageTypeCode">
    <Properties>
      <SchemaBasedProperties>
        <CONTROLTYPE
          Value="choice"/>
      </SchemaBasedProperties>
    </Properties>
  </ViewAttribute>
  <ViewAttribute
    Name="Address1"
    IsNotNull="true"
    PrecisionRule="true"
    EntityAttrName="Address1"
    EntityUsage="AddressesEO"
    AliasName="ADDRESS1"/>
  <ViewAttribute
    Name="Address2"
    PrecisionRule="true"
    EntityAttrName="Address2"
    EntityUsage="AddressesEO"
    AliasName="ADDRESS2"/>
  <ViewAttribute
    Name="AddressId1"
    IsNotNull="true"
    PrecisionRule="true"
    EntityAttrName="AddressId"
    EntityUsage="AddressesEO"
    AliasName="ADDRESS_ID1"
    IsUpdateable="while_insert"
    DefaultValue="@@@@@@0"/>
  <ViewAttribute
    Name="City"
    IsNotNull="true"
    PrecisionRule="true"
    EntityAttrName="City"
    EntityUsage="AddressesEO"
    AliasName="CITY"/>
  <ViewAttribute
    Name="CountryId"
    IsNotNull="true"
    PrecisionRule="true"
    EntityAttrName="CountryId"
    EntityUsage="AddressesEO"
    AliasName="COUNTRY_ID"
    LOVName="LOV_CountryId">
    <Properties>
      <SchemaBasedProperties>
        <CONTROLTYPE
          Value="choice"/>
      </SchemaBasedProperties>
    </Properties>
  </ViewAttribute>
  <ViewAttribute
    Name="CreatedBy1"
    IsNotNull="true"
    PrecisionRule="true"
    EntityAttrName="CreatedBy"
    EntityUsage="AddressesEO"
    AliasName="CREATED_BY1"
    IsUpdateable="false"/>
  <ViewAttribute
    Name="CreationDate1"
    IsNotNull="true"
    PrecisionRule="true"
    EntityAttrName="CreationDate"
    EntityUsage="AddressesEO"
    AliasName="CREATION_DATE1"
    IsUpdateable="false"/>
  <ViewAttribute
    Name="LastUpdateDate1"
    IsNotNull="true"
    PrecisionRule="true"
    EntityAttrName="LastUpdateDate"
    EntityUsage="AddressesEO"
    AliasName="LAST_UPDATE_DATE1"
    IsUpdateable="false"/>
  <ViewAttribute
    Name="LastUpdatedBy1"
    IsNotNull="true"
    PrecisionRule="true"
    EntityAttrName="LastUpdatedBy"
    EntityUsage="AddressesEO"
    AliasName="LAST_UPDATED_BY1"
    IsUpdateable="false"/>
  <ViewAttribute
    Name="Latitude"
    PrecisionRule="true"
    EntityAttrName="Latitude"
    EntityUsage="AddressesEO"
    AliasName="LATITUDE"/>
  <ViewAttribute
    Name="Longitude"
    PrecisionRule="true"
    EntityAttrName="Longitude"
    EntityUsage="AddressesEO"
    AliasName="LONGITUDE"/>
  <ViewAttribute
    Name="ObjectVersionId1"
    IsNotNull="true"
    PrecisionRule="true"
    EntityAttrName="ObjectVersionId"
    EntityUsage="AddressesEO"
    AliasName="OBJECT_VERSION_ID1"
    IsUpdateable="false"/>
  <ViewAttribute
    Name="PostalCode"
    PrecisionRule="true"
    EntityAttrName="PostalCode"
    EntityUsage="AddressesEO"
    AliasName="POSTAL_CODE"/>
  <ViewAttribute
    Name="StateProvince"
    IsNotNull="true"
    PrecisionRule="true"
    EntityAttrName="StateProvince"
    EntityUsage="AddressesEO"
    AliasName="STATE_PROVINCE"/>
  <ViewAttribute
    Name="CountryName"
    PrecisionRule="true"
    EntityAttrName="CountryName"
    EntityUsage="CountryCodesEO"
    AliasName="COUNTRY_NAME"/>
  <ViewAttribute
    Name="CreatedBy2"
    IsNotNull="true"
    PrecisionRule="true"
    EntityAttrName="CreatedBy"
    EntityUsage="CountryCodesEO"
    AliasName="CREATED_BY2"/>
  <ViewAttribute
    Name="CreationDate2"
    IsNotNull="true"
    PrecisionRule="true"
    EntityAttrName="CreationDate"
    EntityUsage="CountryCodesEO"
    AliasName="CREATION_DATE2"/>
  <ViewAttribute
    Name="IsoCountryCode"
    IsNotNull="true"
    PrecisionRule="true"
    EntityAttrName="IsoCountryCode"
    EntityUsage="CountryCodesEO"
    AliasName="ISO_COUNTRY_CODE"/>
  <ViewAttribute
    Name="Language"
    IsNotNull="true"
    PrecisionRule="true"
    EntityAttrName="Language"
    EntityUsage="CountryCodesEO"
    AliasName="LANGUAGE"/>
  <ViewAttribute
    Name="LastUpdateDate2"
    IsNotNull="true"
    PrecisionRule="true"
    EntityAttrName="LastUpdateDate"
    EntityUsage="CountryCodesEO"
    AliasName="LAST_UPDATE_DATE2"/>
  <ViewAttribute
    Name="LastUpdatedBy2"
    IsNotNull="true"
    PrecisionRule="true"
    EntityAttrName="LastUpdatedBy"
    EntityUsage="CountryCodesEO"
    AliasName="LAST_UPDATED_BY2"/>
  <ViewAttribute
    Name="ObjectVersionId2"
    IsNotNull="true"
    PrecisionRule="true"
    EntityAttrName="ObjectVersionId"
    EntityUsage="CountryCodesEO"
    AliasName="OBJECT_VERSION_ID2"/>
  <ViewAttribute
    Name="SourceLang"
    PrecisionRule="true"
    EntityAttrName="SourceLang"
    EntityUsage="CountryCodesEO"
    AliasName="SOURCE_LANG"/>
  <ViewAttribute
    Name="CreatedBy3"
    IsNotNull="true"
    PrecisionRule="true"
    EntityAttrName="CreatedBy"
    EntityUsage="LookupCodesEO"
    AliasName="CREATED_BY3"/>
  <ViewAttribute
    Name="CreationDate3"
    IsNotNull="true"
    PrecisionRule="true"
    EntityAttrName="CreationDate"
    EntityUsage="LookupCodesEO"
    AliasName="CREATION_DATE3"/>
  <ViewAttribute
    Name="Description"
    PrecisionRule="true"
    EntityAttrName="Description"
    EntityUsage="LookupCodesEO"
    AliasName="DESCRIPTION"/>
  <ViewAttribute
    Name="Language1"
    IsNotNull="true"
    PrecisionRule="true"
    EntityAttrName="Language"
    EntityUsage="LookupCodesEO"
    AliasName="LANGUAGE1"/>
  <ViewAttribute
    Name="LastUpdateDate3"
    IsNotNull="true"
    PrecisionRule="true"
    EntityAttrName="LastUpdateDate"
    EntityUsage="LookupCodesEO"
    AliasName="LAST_UPDATE_DATE3"/>
  <ViewAttribute
    Name="LastUpdatedBy3"
    IsNotNull="true"
    PrecisionRule="true"
    EntityAttrName="LastUpdatedBy"
    EntityUsage="LookupCodesEO"
    AliasName="LAST_UPDATED_BY3"/>
  <ViewAttribute
    Name="LookupCode"
    IsNotNull="true"
    PrecisionRule="true"
    EntityAttrName="LookupCode"
    EntityUsage="LookupCodesEO"
    AliasName="LOOKUP_CODE"/>
  <ViewAttribute
    Name="LookupType"
    IsNotNull="true"
    PrecisionRule="true"
    EntityAttrName="LookupType"
    EntityUsage="LookupCodesEO"
    AliasName="LOOKUP_TYPE"/>
  <ViewAttribute
    Name="Meaning"
    IsNotNull="true"
    PrecisionRule="true"
    EntityAttrName="Meaning"
    EntityUsage="LookupCodesEO"
    AliasName="MEANING"/>
  <ViewAttribute
    Name="ObjectVersionId3"
    IsNotNull="true"
    PrecisionRule="true"
    EntityAttrName="ObjectVersionId"
    EntityUsage="LookupCodesEO"
    AliasName="OBJECT_VERSION_ID3"/>
  <ViewAttribute
    Name="SourceLang1"
    IsNotNull="true"
    PrecisionRule="true"
    EntityAttrName="SourceLang"
    EntityUsage="LookupCodesEO"
    AliasName="SOURCE_LANG1"/>
  <ViewAttribute
    Name="AddressLabel"
    IsUpdateable="false"
    IsSelected="false"
    IsPersistent="false"
    PrecisionRule="true"
    Type="java.lang.String"
    ColumnType="VARCHAR2"
    AliasName="VIEW_ATTR"
    SQLType="VARCHAR">
    <TransientExpression><![CDATA[Address1+", "+City+", "+StateProvince+", "+PostalCode+" -  "+CountryId]]></TransientExpression>
  </ViewAttribute>
  <ViewCriteria
    Name="ShippingAddressesCriteria"
    ViewObjectName="model.mwgl.vo.AddressAndUsageVO"
    Conjunction="AND">
    <Properties>
      <CustomProperties>
        <Property
          Name="displayOperators"
          Value="InAdvancedMode"/>
        <Property
          Name="autoExecute"
          Value="false"/>
        <Property
          Name="allowConjunctionOverride"
          Value="true"/>
        <Property
          Name="showInList"
          Value="true"/>
        <Property
          Name="mode"
          Value="Basic"/>
      </CustomProperties>
    </Properties>
    <ViewCriteriaRow
      Name="vcrow47"
      UpperColumns="1">
      <ViewCriteriaItem
        Name="UsageTypeCode"
        ViewAttribute="UsageTypeCode"
        Operator="STARTSWITH"
        Conjunction="AND"
        Value="SH"
        Required="Optional"/>
    </ViewCriteriaRow>
  </ViewCriteria>
  <ViewCriteria
    Name="AddressesForUserCriteria"
    ViewObjectName="model.mwgl.vo.AddressAndUsageVO"
    Conjunction="AND">
    <Properties>
      <CustomProperties>
        <Property
          Name="displayOperators"
          Value="InAdvancedMode"/>
        <Property
          Name="autoExecute"
          Value="false"/>
        <Property
          Name="allowConjunctionOverride"
          Value="true"/>
        <Property
          Name="showInList"
          Value="true"/>
        <Property
          Name="mode"
          Value="Basic"/>
      </CustomProperties>
    </Properties>
    <ViewCriteriaRow
      Name="vcrow63"
      UpperColumns="1">
      <ViewCriteriaItem
        Name="AssociatedOwnerId"
        ViewAttribute="AssociatedOwnerId"
        Operator="="
        Conjunction="AND"
        Value=":personid"
        IsBindVarValue="true"
        Required="Optional"/>
    </ViewCriteriaRow>
  </ViewCriteria>
  <ViewCriteria
    Name="BillingAddressesCriteria"
    ViewObjectName="model.mwgl.vo.AddressAndUsageVO"
    Conjunction="AND">
    <Properties>
      <CustomProperties>
        <Property
          Name="displayOperators"
          Value="InAdvancedMode"/>
        <Property
          Name="autoExecute"
          Value="false"/>
        <Property
          Name="allowConjunctionOverride"
          Value="true"/>
        <Property
          Name="showInList"
          Value="true"/>
        <Property
          Name="mode"
          Value="Basic"/>
      </CustomProperties>
    </Properties>
    <ViewCriteriaRow
      Name="vcrow211"
      UpperColumns="1">
      <ViewCriteriaItem
        Name="UsageTypeCode"
        ViewAttribute="UsageTypeCode"
        Operator="="
        Conjunction="AND"
        Value="IN"
        Required="Optional"/>
    </ViewCriteriaRow>
  </ViewCriteria>
  <ResourceBundle>
    <PropertiesBundle
      PropertiesFile="model.ModelBundle"/>
  </ResourceBundle>
</ViewObject>
