<?xml version="1.0" encoding="windows-1252" ?>
<!DOCTYPE ViewObject SYSTEM "jbo_03_01.dtd">
<!---->
<ViewObject
  xmlns="http://xmlns.oracle.com/bc4j"
  Name="AddressesVO"
  Version="11.1.1.64.93"
  InheritPersonalization="true"
  SelectList="AddressesEO.ADDRESS_ID, 
       AddressesEO.ADDRESS1, 
       AddressesEO.ADDRESS2, 
       AddressesEO.CITY, 
       AddressesEO.POSTAL_CODE, 
       AddressesEO.STATE_PROVINCE, 
       AddressesEO.COUNTRY_ID, 
       AddressesEO.LONGITUDE, 
       AddressesEO.LATITUDE, 
       AddressesEO.CREATED_BY, 
       AddressesEO.CREATION_DATE, 
       AddressesEO.LAST_UPDATED_BY, 
       AddressesEO.LAST_UPDATE_DATE, 
       AddressesEO.OBJECT_VERSION_ID"
  FromList="ADDRESSES AddressesEO"
  BindingStyle="OracleName"
  CustomQuery="false"
  PageIterMode="Full"
  UseGlueCode="false">
  <DesignTime>
    <Attr Name="_codeGenFlag2" Value="Access|VarAccess"/>
  </DesignTime>
  <ViewAccessor
    Name="CountriesVO1"
    ViewObjectName="model.mwgl.vo.CountriesVO"
    RowLevelBinds="true"/>
  <ListBinding
    Name="LOV_CountryId"
    ListVOName="CountriesVO1"
    ListRangeSize="10"
    NullValueFlag="start"
    NullValueId="LOV_CountryId_LOVUIHints_NullValueId"
    MRUCount="0">
    <AttrArray Name="AttrNames">
      <Item Value="CountryId"/>
    </AttrArray>
    <AttrArray Name="ListAttrNames">
      <Item Value="IsoCountryCode"/>
    </AttrArray>
    <AttrArray Name="ListDisplayAttrNames">
      <Item Value="CountryName"/>
      <Item Value="IsoCountryCode"/>
    </AttrArray>
    <DisplayCriteria/>
  </ListBinding>
  <EntityUsage
    Name="AddressesEO"
    Entity="model.mwgl.eo.AddressesEO"/>
  <ViewAttribute
    Name="AddressId"
    IsNotNull="true"
    PrecisionRule="true"
    EntityAttrName="AddressId"
    EntityUsage="AddressesEO"
    AliasName="ADDRESS_ID"/>
  <ViewAttribute
    Name="Address1"
    IsNotNull="true"
    PrecisionRule="true"
    EntityAttrName="Address1"
    EntityUsage="AddressesEO"
    AliasName="ADDRESS1"/>
  <ViewAttribute
    Name="Address2"
    PrecisionRule="true"
    EntityAttrName="Address2"
    EntityUsage="AddressesEO"
    AliasName="ADDRESS2"/>
  <ViewAttribute
    Name="City"
    IsNotNull="true"
    PrecisionRule="true"
    EntityAttrName="City"
    EntityUsage="AddressesEO"
    AliasName="CITY"/>
  <ViewAttribute
    Name="PostalCode"
    PrecisionRule="true"
    EntityAttrName="PostalCode"
    EntityUsage="AddressesEO"
    AliasName="POSTAL_CODE"/>
  <ViewAttribute
    Name="StateProvince"
    IsNotNull="true"
    PrecisionRule="true"
    EntityAttrName="StateProvince"
    EntityUsage="AddressesEO"
    AliasName="STATE_PROVINCE"/>
  <ViewAttribute
    Name="CountryId"
    LOVName="LOV_CountryId"
    IsNotNull="true"
    PrecisionRule="true"
    EntityAttrName="CountryId"
    EntityUsage="AddressesEO"
    AliasName="COUNTRY_ID">
    <Properties>
      <SchemaBasedProperties>
        <CONTROLTYPE
          Value="combo_lov"/>
      </SchemaBasedProperties>
    </Properties>
  </ViewAttribute>
  <ViewAttribute
    Name="Longitude"
    PrecisionRule="true"
    EntityAttrName="Longitude"
    EntityUsage="AddressesEO"
    AliasName="LONGITUDE"/>
  <ViewAttribute
    Name="Latitude"
    PrecisionRule="true"
    EntityAttrName="Latitude"
    EntityUsage="AddressesEO"
    AliasName="LATITUDE"/>
  <ViewAttribute
    Name="CreatedBy"
    IsNotNull="true"
    PrecisionRule="true"
    EntityAttrName="CreatedBy"
    EntityUsage="AddressesEO"
    AliasName="CREATED_BY"/>
  <ViewAttribute
    Name="CreationDate"
    IsNotNull="true"
    PrecisionRule="true"
    EntityAttrName="CreationDate"
    EntityUsage="AddressesEO"
    AliasName="CREATION_DATE"/>
  <ViewAttribute
    Name="LastUpdatedBy"
    IsNotNull="true"
    PrecisionRule="true"
    EntityAttrName="LastUpdatedBy"
    EntityUsage="AddressesEO"
    AliasName="LAST_UPDATED_BY"/>
  <ViewAttribute
    Name="LastUpdateDate"
    IsNotNull="true"
    PrecisionRule="true"
    EntityAttrName="LastUpdateDate"
    EntityUsage="AddressesEO"
    AliasName="LAST_UPDATE_DATE"/>
  <ViewAttribute
    Name="ObjectVersionId"
    IsNotNull="true"
    PrecisionRule="true"
    EntityAttrName="ObjectVersionId"
    EntityUsage="AddressesEO"
    AliasName="OBJECT_VERSION_ID"/>
  <ViewLinkAccessor
    Name="OrdersVO"
    ViewLink="model.mwgl.vo.links.OrdersAddressesFkLink"
    Type="oracle.jbo.RowIterator"
    IsUpdateable="false"/>
  <ViewLinkAccessor
    Name="PersonsVO"
    ViewLink="model.mwgl.vo.links.PersonsAddressesFkLink"
    Type="oracle.jbo.RowIterator"
    IsUpdateable="false"/>
  <ViewLinkAccessor
    Name="PaymentOptionsVO"
    ViewLink="model.mwgl.vo.links.Payment_Address_Link"
    Type="oracle.jbo.Row"
    Reversed="true"
    IsUpdateable="false"/>
  <ResourceBundle>
    <PropertiesBundle
      PropertiesFile="model.ModelBundle"/>
  </ResourceBundle>
</ViewObject>
