<?xml version="1.0" encoding="windows-1252" ?>
<!DOCTYPE ViewObject SYSTEM "jbo_03_01.dtd">
<!---->
<ViewObject
  xmlns="http://xmlns.oracle.com/bc4j"
  Name="CustomerPaymentOptionView"
  Version="11.1.1.64.93"
  InheritPersonalization="true"
  BindingStyle="OracleName"
  CustomQuery="true"
  PageIterMode="Full"
  UseGlueCode="false">
  <DesignTime>
    <Attr Name="_isExpertMode" Value="true"/>
  </DesignTime>
  <Properties>
    <SchemaBasedProperties>
      <LABEL
        ResId="model.mwgl.vo.CustomerPaymentOptionView_LABEL"/>
    </SchemaBasedProperties>
  </Properties>
  <SQLQuery>
    <![CDATA[SELECT PaymentOptionEO.PAYMENT_OPTION_ID, 
       PaymentOptionEO.CUSTOMER_ID, 
       PaymentOptionEO.PAYMENT_TYPE_CODE, 
       PaymentOptionEO.BILLING_ADDRESS_ID, 
       PaymentOptionEO.ACCOUNT_NUMBER, 
       PaymentOptionEO.CARD_TYPE_CODE, 
       PaymentOptionEO.EXPIRE_DATE, 
       PaymentOptionEO.CHECK_DIGITS, 
       PaymentOptionEO.ROUTING_IDENTIFIER, 
       PaymentOptionEO.INSTITUTION_NAME, 
       PaymentOptionEO.VALID_FROM_DATE, 
       PaymentOptionEO.VALID_TO_DATE, 
       PaymentOptionEO.OBJECT_VERSION_ID, 
       LookupCodeEO.LOOKUP_TYPE, 
       LookupCodeEO.LOOKUP_CODE, 
       LookupCodeEO.MEANING, 
       LookupCodeEO.LANGUAGE, 
       LookupCodeEO.OBJECT_VERSION_ID AS OBJECT_VERSION_ID1
FROM PAYMENT_OPTIONS PaymentOptionEO, LOOKUP_CODES LookupCodeEO
WHERE LookupCodeEO.LOOKUP_TYPE='PAYMENT_TYPE_CODE' and LookupCodeEO.LOOKUP_CODE  = PaymentOptionEO.PAYMENT_TYPE_CODE AND LookupCodeEO.LANGUAGE = 'EN']]>
  </SQLQuery>
  <EntityUsage
    Name="PaymentOptionsEO"
    Entity="model.mwgl.eo.PaymentOptionsEO"/>
  <EntityUsage
    Name="LookupCodesEO"
    Entity="model.mwgl.eo.LookupCodesEO"
    SourceUsage="model.mwgl.vo.CustomerPaymentOptionView.PaymentOptionsEO"
    ReadOnly="true"
    Reference="true"
    DeleteParticipant="false"/>
  <ViewAttribute
    Name="PaymentOptionId"
    IsUpdateable="while_insert"
    PrecisionRule="true"
    EntityAttrName="PaymentOptionId"
    EntityUsage="PaymentOptionsEO"
    AliasName="PAYMENT_OPTION_ID"/>
  <ViewAttribute
    Name="CustomerId"
    IsNotNull="true"
    PrecisionRule="true"
    EntityAttrName="CustomerId"
    EntityUsage="PaymentOptionsEO"
    AliasName="CUSTOMER_ID"/>
  <ViewAttribute
    Name="PaymentTypeCode"
    IsNotNull="true"
    PrecisionRule="true"
    EntityAttrName="PaymentTypeCode"
    EntityUsage="PaymentOptionsEO"
    AliasName="PAYMENT_TYPE_CODE"/>
  <ViewAttribute
    Name="BillingAddressId"
    PrecisionRule="true"
    EntityAttrName="BillingAddressId"
    EntityUsage="PaymentOptionsEO"
    AliasName="BILLING_ADDRESS_ID"/>
  <ViewAttribute
    Name="AccountNumber"
    IsNotNull="true"
    PrecisionRule="true"
    EntityAttrName="AccountNumber"
    EntityUsage="PaymentOptionsEO"
    AliasName="ACCOUNT_NUMBER"/>
  <ViewAttribute
    Name="CardTypeCode"
    PrecisionRule="true"
    EntityAttrName="CardTypeCode"
    EntityUsage="PaymentOptionsEO"
    AliasName="CARD_TYPE_CODE"/>
  <ViewAttribute
    Name="ExpireDate"
    PrecisionRule="true"
    EntityAttrName="ExpireDate"
    EntityUsage="PaymentOptionsEO"
    AliasName="EXPIRE_DATE"/>
  <ViewAttribute
    Name="CheckDigits"
    PrecisionRule="true"
    EntityAttrName="CheckDigits"
    EntityUsage="PaymentOptionsEO"
    AliasName="CHECK_DIGITS"/>
  <ViewAttribute
    Name="RoutingIdentifier"
    PrecisionRule="true"
    EntityAttrName="RoutingIdentifier"
    EntityUsage="PaymentOptionsEO"
    AliasName="ROUTING_IDENTIFIER"/>
  <ViewAttribute
    Name="InstitutionName"
    PrecisionRule="true"
    EntityAttrName="InstitutionName"
    EntityUsage="PaymentOptionsEO"
    AliasName="INSTITUTION_NAME"/>
  <ViewAttribute
    Name="ValidFromDate"
    PrecisionRule="true"
    EntityAttrName="ValidFromDate"
    EntityUsage="PaymentOptionsEO"
    AliasName="VALID_FROM_DATE"/>
  <ViewAttribute
    Name="ValidToDate"
    PrecisionRule="true"
    EntityAttrName="ValidToDate"
    EntityUsage="PaymentOptionsEO"
    AliasName="VALID_TO_DATE"/>
  <ViewAttribute
    Name="ObjectVersionId"
    IsUpdateable="false"
    IsNotNull="true"
    PrecisionRule="true"
    EntityAttrName="ObjectVersionId"
    EntityUsage="PaymentOptionsEO"
    AliasName="OBJECT_VERSION_ID"/>
  <ViewAttribute
    Name="LookupType"
    IsNotNull="true"
    PrecisionRule="true"
    EntityAttrName="LookupType"
    EntityUsage="LookupCodesEO"
    AliasName="LOOKUP_TYPE"/>
  <ViewAttribute
    Name="LookupCode"
    IsNotNull="true"
    PrecisionRule="true"
    EntityAttrName="LookupCode"
    EntityUsage="LookupCodesEO"
    AliasName="LOOKUP_CODE"/>
  <ViewAttribute
    Name="Meaning"
    IsNotNull="true"
    PrecisionRule="true"
    EntityAttrName="Meaning"
    EntityUsage="LookupCodesEO"
    AliasName="MEANING"/>
  <ViewAttribute
    Name="Language"
    IsNotNull="true"
    PrecisionRule="true"
    EntityAttrName="Language"
    EntityUsage="LookupCodesEO"
    AliasName="LANGUAGE"/>
  <ViewAttribute
    Name="ObjectVersionId1"
    IsNotNull="true"
    PrecisionRule="true"
    EntityAttrName="ObjectVersionId"
    EntityUsage="LookupCodesEO"
    AliasName="OBJECT_VERSION_ID1"/>
  <ResourceBundle>
    <PropertiesBundle
      PropertiesFile="model.ModelBundle"/>
  </ResourceBundle>
</ViewObject>
