<?xml version="1.0" encoding="windows-1252" ?>
<!DOCTYPE ViewObject SYSTEM "jbo_03_01.dtd">
<!---->
<ViewObject
  xmlns="http://xmlns.oracle.com/bc4j"
  Name="CustomerAddressView"
  Version="11.1.1.64.93"
  InheritPersonalization="true"
  BindingStyle="OracleName"
  CustomQuery="true"
  PageIterMode="Full"
  UseGlueCode="false">
  <DesignTime>
    <Attr Name="_isExpertMode" Value="true"/>
  </DesignTime>
  <Properties>
    <SchemaBasedProperties>
      <LABEL
        ResId="model.mwgl.vo.CustomerAddressView_LABEL"/>
    </SchemaBasedProperties>
  </Properties>
  <SQLQuery>
    <![CDATA[SELECT AddressEO.ADDRESS_ID, 
       AddressEO.ADDRESS1, 
       AddressEO.ADDRESS2, 
       AddressEO.CITY, 
       AddressEO.POSTAL_CODE, 
       AddressEO.STATE_PROVINCE, 
       AddressEO.COUNTRY_ID, 
       AddressEO.LONGITUDE, 
       AddressEO.LATITUDE, 
       AddressEO.OBJECT_VERSION_ID, 
       AddressUsageEO.ADDRESS_USAGES_ID, 
       AddressUsageEO.ASSOCIATED_OWNER_ID, 
       AddressUsageEO.OWNER_TYPE_CODE, 
       AddressUsageEO.ADDRESS_ID AS ADDRESS_ID1, 
       AddressUsageEO.USAGE_TYPE_CODE, 
       AddressUsageEO.EXPIRED_FLAG, 
       AddressUsageEO.OBJECT_VERSION_ID AS OBJECT_VERSION_ID1, 
       CountryCodeEO.ISO_COUNTRY_CODE, 
       CountryCodeEO.COUNTRY_NAME, 
       CountryCodeEO.LANGUAGE, 
       LookupCodeEO.MEANING, 
       CountryCodeEO.OBJECT_VERSION_ID AS OBJECT_VERSION_ID2, 
       LookupCodeEO.LOOKUP_TYPE, 
       LookupCodeEO.LOOKUP_CODE, 
       LookupCodeEO.LANGUAGE AS LANGUAGE1
FROM ADDRESSES AddressEO, ADDRESS_USAGES AddressUsageEO, COUNTRY_CODES CountryCodeEO, LOOKUP_CODES LookupCodeEO
WHERE (AddressEO.ADDRESS_ID = AddressUsageEO.ADDRESS_ID) AND (AddressEO.COUNTRY_ID = CountryCodeEO.ISO_COUNTRY_CODE) AND CountryCodeEO.LANGUAGE = 'EN' AND LookupCodeEO.LOOKUP_TYPE='USAGE_TYPE_CODE' and LookupCodeEO.LOOKUP_CODE = AddressUsageEO.USAGE_TYPE_CODE AND LookupCodeEO.LANGUAGE = 'EN'
ORDER BY AddressEO.ADDRESS1,AddressEO.CITY]]>
  </SQLQuery>
  <EntityUsage
    Name="AddressesEO"
    Entity="model.mwgl.eo.AddressesEO"/>
  <EntityUsage
    Name="AddressUsagesEO"
    Entity="model.mwgl.eo.AddressUsagesEO"
    Association="model.mwgl.eo.assoc.AddressUsagesAddressesFkAssoc"
    AssociationEnd="model.mwgl.eo.assoc.AddressUsagesAddressesFkAssoc.AddressUsagesEO"
    SourceUsage="model.mwgl.vo.CustomerAddressView.AddressesEO"
    ReadOnly="true"
    Reference="true"
    DeleteParticipant="false"
    JoinType="INNER JOIN">
    <DesignTime>
      <AttrArray Name="_srcAttributes">
        <Item Value="model.mwgl.eo.AddressesEO.AddressId"/>
      </AttrArray>
      <AttrArray Name="_dstAttributes">
        <Item Value="model.mwgl.eo.AddressUsagesEO.AddressId"/>
      </AttrArray>
    </DesignTime>
  </EntityUsage>
  <EntityUsage
    Name="CountryCodesEO"
    Entity="model.mwgl.eo.CountryCodesEO"
    SourceUsage="model.mwgl.vo.CustomerAddressView.AddressUsagesEO"
    ReadOnly="true"
    Reference="true"
    DeleteParticipant="false"/>
  <EntityUsage
    Name="LookupCodesEO"
    Entity="model.mwgl.eo.LookupCodesEO"
    SourceUsage="model.mwgl.vo.CustomerAddressView.CountryCodesEO"
    ReadOnly="true"
    Reference="true"
    DeleteParticipant="false"/>
  <ViewAttribute
    Name="AddressId"
    IsUpdateable="while_insert"
    PrecisionRule="true"
    EntityAttrName="AddressId"
    EntityUsage="AddressesEO"
    AliasName="ADDRESS_ID"/>
  <ViewAttribute
    Name="Address1"
    IsNotNull="true"
    PrecisionRule="true"
    EntityAttrName="Address1"
    EntityUsage="AddressesEO"
    AliasName="ADDRESS1"/>
  <ViewAttribute
    Name="Address2"
    PrecisionRule="true"
    EntityAttrName="Address2"
    EntityUsage="AddressesEO"
    AliasName="ADDRESS2"/>
  <ViewAttribute
    Name="City"
    IsNotNull="true"
    PrecisionRule="true"
    EntityAttrName="City"
    EntityUsage="AddressesEO"
    AliasName="CITY"/>
  <ViewAttribute
    Name="PostalCode"
    PrecisionRule="true"
    EntityAttrName="PostalCode"
    EntityUsage="AddressesEO"
    AliasName="POSTAL_CODE"/>
  <ViewAttribute
    Name="StateProvince"
    IsNotNull="true"
    PrecisionRule="true"
    EntityAttrName="StateProvince"
    EntityUsage="AddressesEO"
    AliasName="STATE_PROVINCE"/>
  <ViewAttribute
    Name="CountryId"
    IsNotNull="true"
    PrecisionRule="true"
    EntityAttrName="CountryId"
    EntityUsage="AddressesEO"
    AliasName="COUNTRY_ID"/>
  <ViewAttribute
    Name="Longitude"
    PrecisionRule="true"
    EntityAttrName="Longitude"
    EntityUsage="AddressesEO"
    AliasName="LONGITUDE"/>
  <ViewAttribute
    Name="Latitude"
    PrecisionRule="true"
    EntityAttrName="Latitude"
    EntityUsage="AddressesEO"
    AliasName="LATITUDE"/>
  <ViewAttribute
    Name="ObjectVersionId"
    IsUpdateable="false"
    IsNotNull="true"
    PrecisionRule="true"
    EntityAttrName="ObjectVersionId"
    EntityUsage="AddressesEO"
    AliasName="OBJECT_VERSION_ID"/>
  <ViewAttribute
    Name="AddressUsagesId"
    IsUpdateable="while_insert"
    PrecisionRule="true"
    EntityAttrName="AddressUsagesId"
    EntityUsage="AddressUsagesEO"
    AliasName="ADDRESS_USAGES_ID"/>
  <ViewAttribute
    Name="AssociatedOwnerId"
    IsNotNull="true"
    PrecisionRule="true"
    EntityAttrName="AssociatedOwnerId"
    EntityUsage="AddressUsagesEO"
    AliasName="ASSOCIATED_OWNER_ID"/>
  <ViewAttribute
    Name="OwnerTypeCode"
    IsNotNull="true"
    PrecisionRule="true"
    EntityAttrName="OwnerTypeCode"
    EntityUsage="AddressUsagesEO"
    AliasName="OWNER_TYPE_CODE"/>
  <ViewAttribute
    Name="AddressId1"
    IsNotNull="true"
    PrecisionRule="true"
    EntityAttrName="AddressId"
    EntityUsage="AddressUsagesEO"
    AliasName="ADDRESS_ID1"/>
  <ViewAttribute
    Name="UsageTypeCode"
    IsNotNull="true"
    PrecisionRule="true"
    EntityAttrName="UsageTypeCode"
    EntityUsage="AddressUsagesEO"
    AliasName="USAGE_TYPE_CODE"/>
  <ViewAttribute
    Name="ExpiredFlag"
    IsNotNull="true"
    PrecisionRule="true"
    EntityAttrName="ExpiredFlag"
    EntityUsage="AddressUsagesEO"
    AliasName="EXPIRED_FLAG"/>
  <ViewAttribute
    Name="ObjectVersionId1"
    IsUpdateable="false"
    IsNotNull="true"
    PrecisionRule="true"
    EntityAttrName="ObjectVersionId"
    EntityUsage="AddressUsagesEO"
    AliasName="OBJECT_VERSION_ID1"/>
  <ViewAttribute
    Name="IsoCountryCode"
    IsNotNull="true"
    PrecisionRule="true"
    EntityAttrName="IsoCountryCode"
    EntityUsage="CountryCodesEO"
    AliasName="ISO_COUNTRY_CODE"/>
  <ViewAttribute
    Name="CountryName"
    PrecisionRule="true"
    EntityAttrName="CountryName"
    EntityUsage="CountryCodesEO"
    AliasName="COUNTRY_NAME"/>
  <ViewAttribute
    Name="Language"
    IsNotNull="true"
    PrecisionRule="true"
    EntityAttrName="Language"
    EntityUsage="CountryCodesEO"
    AliasName="LANGUAGE"/>
  <ViewAttribute
    Name="Meaning"
    IsNotNull="true"
    PrecisionRule="true"
    EntityAttrName="Meaning"
    EntityUsage="LookupCodesEO"
    AliasName="MEANING"/>
  <ViewAttribute
    Name="ObjectVersionId2"
    IsNotNull="true"
    PrecisionRule="true"
    EntityAttrName="ObjectVersionId"
    EntityUsage="CountryCodesEO"
    AliasName="OBJECT_VERSION_ID2"/>
  <ViewAttribute
    Name="LookupType"
    IsNotNull="true"
    PrecisionRule="true"
    EntityAttrName="LookupType"
    EntityUsage="LookupCodesEO"
    AliasName="LOOKUP_TYPE"/>
  <ViewAttribute
    Name="LookupCode"
    IsNotNull="true"
    PrecisionRule="true"
    EntityAttrName="LookupCode"
    EntityUsage="LookupCodesEO"
    AliasName="LOOKUP_CODE"/>
  <ViewAttribute
    Name="Language1"
    IsNotNull="true"
    PrecisionRule="true"
    EntityAttrName="Language"
    EntityUsage="LookupCodesEO"
    AliasName="LANGUAGE1"/>
  <AttrArray Name="KeyAttributes">
    <Item Value="AddressId"/>
    <Item Value="IsoCountryCode"/>
    <Item Value="Language"/>
    <Item Value="Language1"/>
    <Item Value="LookupCode"/>
    <Item Value="LookupType"/>
  </AttrArray>
  <ResourceBundle>
    <PropertiesBundle
      PropertiesFile="model.ModelBundle"/>
  </ResourceBundle>
</ViewObject>
