<?xml version="1.0" encoding="windows-1252" ?>
<!DOCTYPE ViewObject SYSTEM "jbo_03_01.dtd">
<!---->
<ViewObject
  xmlns="http://xmlns.oracle.com/bc4j"
  Name="FindByOrderIdView"
  Version="11.1.1.64.93"
  InheritPersonalization="true"
  BindingStyle="OracleName"
  CustomQuery="true"
  PageIterMode="Full"
  UseGlueCode="false">
  <DesignTime>
    <Attr Name="_isExpertMode" Value="true"/>
  </DesignTime>
  <Properties>
    <SchemaBasedProperties>
      <LABEL
        ResId="model.mwgl.vo.FindByOrderIdView_LABEL"/>
    </SchemaBasedProperties>
  </Properties>
  <SQLQuery>
    <![CDATA[SELECT  
ORDER_ID,
ORDER_DATE,
ORDER_STATUS_CODE,
CUSTOMER_ID,
SHIP_TO_NAME,
(select ADDRESS1 from ADDRESSES where ADDRESS_ID = SHIP_TO_ADDRESS_ID) AS SHIP_TO_ADDRESS1,
(select ADDRESS2 from ADDRESSES where ADDRESS_ID = SHIP_TO_ADDRESS_ID) AS SHIP_TO_ADDRESS2,
(select CITY from ADDRESSES where ADDRESS_ID = SHIP_TO_ADDRESS_ID) AS SHIP_TO_CITY,
(select POSTAL_CODE from ADDRESSES where ADDRESS_ID = SHIP_TO_ADDRESS_ID) AS SHIP_TO_POSTAL_CODE,
(select STATE_PROVINCE from ADDRESSES where ADDRESS_ID = SHIP_TO_ADDRESS_ID) AS SHIP_TO_STATE_PROVINCE,
(select COUNTRY_ID from ADDRESSES where ADDRESS_ID = SHIP_TO_ADDRESS_ID) AS SHIP_TO_COUNTRY_ID,
SHIP_TO_PHONE_NUMBER,
ORDER_TOTAL,
(select ACCOUNT_NUMBER from PAYMENT_OPTIONS p where p.PAYMENT_OPTION_ID = o.PAYMENT_OPTION_ID) AS PAYMENT_ACCOUNT_NUMBER,
(select CARD_TYPE_CODE from PAYMENT_OPTIONS p where p.PAYMENT_OPTION_ID = o.PAYMENT_OPTION_ID) AS PAYMENT_CARD_TYPE
from orders o
where
o.order_id = :id]]>
  </SQLQuery>
  <ViewAttribute
    Name="OrderId"
    IsUpdateable="false"
    IsPersistent="false"
    IsNotNull="true"
    PrecisionRule="true"
    Precision="15"
    Scale="0"
    Type="oracle.jbo.domain.Number"
    ColumnType="NUMBER"
    AliasName="ORDER_ID"
    Expression="ORDER_ID"
    SQLType="NUMERIC">
    <DesignTime>
      <Attr Name="_DisplaySize" Value="22"/>
    </DesignTime>
  </ViewAttribute>
  <ViewAttribute
    Name="OrderDate"
    IsUpdateable="false"
    IsPersistent="false"
    IsNotNull="true"
    PrecisionRule="true"
    Type="oracle.jbo.domain.Date"
    ColumnType="DATE"
    AliasName="ORDER_DATE"
    Expression="ORDER_DATE"
    SQLType="TIMESTAMP">
    <DesignTime>
      <Attr Name="_DisplaySize" Value="7"/>
    </DesignTime>
  </ViewAttribute>
  <ViewAttribute
    Name="OrderStatusCode"
    IsUpdateable="false"
    IsPersistent="false"
    IsNotNull="true"
    PrecisionRule="true"
    Precision="30"
    Type="java.lang.String"
    ColumnType="VARCHAR2"
    AliasName="ORDER_STATUS_CODE"
    Expression="ORDER_STATUS_CODE"
    SQLType="VARCHAR">
    <DesignTime>
      <Attr Name="_DisplaySize" Value="30"/>
    </DesignTime>
  </ViewAttribute>
  <ViewAttribute
    Name="CustomerId"
    IsUpdateable="false"
    IsPersistent="false"
    IsNotNull="true"
    PrecisionRule="true"
    Precision="15"
    Scale="0"
    Type="oracle.jbo.domain.Number"
    ColumnType="NUMBER"
    AliasName="CUSTOMER_ID"
    Expression="CUSTOMER_ID"
    SQLType="NUMERIC">
    <DesignTime>
      <Attr Name="_DisplaySize" Value="22"/>
    </DesignTime>
  </ViewAttribute>
  <ViewAttribute
    Name="ShipToName"
    IsUpdateable="false"
    IsPersistent="false"
    PrecisionRule="true"
    Precision="120"
    Type="java.lang.String"
    ColumnType="VARCHAR2"
    AliasName="SHIP_TO_NAME"
    Expression="SHIP_TO_NAME"
    SQLType="VARCHAR">
    <DesignTime>
      <Attr Name="_DisplaySize" Value="120"/>
    </DesignTime>
  </ViewAttribute>
  <ViewAttribute
    Name="ShipToAddress1"
    IsUpdateable="false"
    IsPersistent="false"
    PrecisionRule="true"
    Precision="40"
    Type="java.lang.String"
    ColumnType="VARCHAR2"
    AliasName="SHIP_TO_ADDRESS1"
    Expression="SHIP_TO_ADDRESS1"
    SQLType="VARCHAR">
    <DesignTime>
      <Attr Name="_DisplaySize" Value="40"/>
    </DesignTime>
  </ViewAttribute>
  <ViewAttribute
    Name="ShipToAddress2"
    IsUpdateable="false"
    IsPersistent="false"
    PrecisionRule="true"
    Precision="40"
    Type="java.lang.String"
    ColumnType="VARCHAR2"
    AliasName="SHIP_TO_ADDRESS2"
    Expression="SHIP_TO_ADDRESS2"
    SQLType="VARCHAR">
    <DesignTime>
      <Attr Name="_DisplaySize" Value="40"/>
    </DesignTime>
  </ViewAttribute>
  <ViewAttribute
    Name="ShipToCity"
    IsUpdateable="false"
    IsPersistent="false"
    PrecisionRule="true"
    Precision="40"
    Type="java.lang.String"
    ColumnType="VARCHAR2"
    AliasName="SHIP_TO_CITY"
    Expression="SHIP_TO_CITY"
    SQLType="VARCHAR">
    <DesignTime>
      <Attr Name="_DisplaySize" Value="40"/>
    </DesignTime>
  </ViewAttribute>
  <ViewAttribute
    Name="ShipToPostalCode"
    IsUpdateable="false"
    IsPersistent="false"
    PrecisionRule="true"
    Precision="12"
    Type="java.lang.String"
    ColumnType="VARCHAR2"
    AliasName="SHIP_TO_POSTAL_CODE"
    Expression="SHIP_TO_POSTAL_CODE"
    SQLType="VARCHAR">
    <DesignTime>
      <Attr Name="_DisplaySize" Value="12"/>
    </DesignTime>
  </ViewAttribute>
  <ViewAttribute
    Name="ShipToStateProvince"
    IsUpdateable="false"
    IsPersistent="false"
    PrecisionRule="true"
    Precision="40"
    Type="java.lang.String"
    ColumnType="VARCHAR2"
    AliasName="SHIP_TO_STATE_PROVINCE"
    Expression="SHIP_TO_STATE_PROVINCE"
    SQLType="VARCHAR">
    <DesignTime>
      <Attr Name="_DisplaySize" Value="40"/>
    </DesignTime>
  </ViewAttribute>
  <ViewAttribute
    Name="ShipToCountryId"
    IsUpdateable="false"
    IsPersistent="false"
    PrecisionRule="true"
    Precision="2"
    Type="java.lang.String"
    ColumnType="CHAR"
    AliasName="SHIP_TO_COUNTRY_ID"
    Expression="SHIP_TO_COUNTRY_ID"
    SQLType="CHAR">
    <DesignTime>
      <Attr Name="_DisplaySize" Value="2"/>
    </DesignTime>
  </ViewAttribute>
  <ViewAttribute
    Name="ShipToPhoneNumber"
    IsUpdateable="false"
    IsPersistent="false"
    PrecisionRule="true"
    Precision="20"
    Type="java.lang.String"
    ColumnType="VARCHAR2"
    AliasName="SHIP_TO_PHONE_NUMBER"
    Expression="SHIP_TO_PHONE_NUMBER"
    SQLType="VARCHAR">
    <DesignTime>
      <Attr Name="_DisplaySize" Value="20"/>
    </DesignTime>
  </ViewAttribute>
  <ViewAttribute
    Name="OrderTotal"
    IsUpdateable="false"
    IsPersistent="false"
    IsNotNull="true"
    PrecisionRule="true"
    Precision="8"
    Scale="2"
    Type="oracle.jbo.domain.Number"
    ColumnType="NUMBER"
    AliasName="ORDER_TOTAL"
    Expression="ORDER_TOTAL"
    SQLType="NUMERIC">
    <DesignTime>
      <Attr Name="_DisplaySize" Value="22"/>
    </DesignTime>
  </ViewAttribute>
  <ViewAttribute
    Name="PaymentAccountNumber"
    IsUpdateable="false"
    IsPersistent="false"
    PrecisionRule="true"
    Type="oracle.jbo.domain.Number"
    ColumnType="NUMBER"
    AliasName="PAYMENT_ACCOUNT_NUMBER"
    Expression="PAYMENT_ACCOUNT_NUMBER"
    SQLType="NUMERIC">
    <DesignTime>
      <Attr Name="_DisplaySize" Value="22"/>
    </DesignTime>
  </ViewAttribute>
  <ViewAttribute
    Name="PaymentCardType"
    IsUpdateable="false"
    IsPersistent="false"
    PrecisionRule="true"
    Precision="30"
    Type="java.lang.String"
    ColumnType="VARCHAR2"
    AliasName="PAYMENT_CARD_TYPE"
    Expression="PAYMENT_CARD_TYPE"
    SQLType="VARCHAR">
    <DesignTime>
      <Attr Name="_DisplaySize" Value="30"/>
    </DesignTime>
  </ViewAttribute>
  <ResourceBundle>
    <PropertiesBundle
      PropertiesFile="model.ModelBundle"/>
  </ResourceBundle>
</ViewObject>
