<?xml version="1.0" encoding="windows-1252" ?>
<!DOCTYPE ViewObject SYSTEM "jbo_03_01.dtd">
<!---->
<ViewObject
  xmlns="http://xmlns.oracle.com/bc4j"
  Name="FindAddressesByIdView"
  Version="11.1.1.64.93"
  InheritPersonalization="true"
  BindingStyle="OracleName"
  CustomQuery="true"
  PageIterMode="Full"
  UseGlueCode="false">
  <DesignTime>
    <Attr Name="_isExpertMode" Value="true"/>
  </DesignTime>
  <Properties>
    <SchemaBasedProperties>
      <LABEL
        ResId="model.mwgl.vo.FindAddressesByIdView_LABEL"/>
    </SchemaBasedProperties>
  </Properties>
  <Variable
    Name="id"
    Kind="where"
    Type="java.lang.Integer"/>
  <ViewAccessor
    Name="CountriesVO1"
    ViewObjectName="model.mwgl.vo.CountriesVO"
    RowLevelBinds="true"/>
  <ListBinding
    Name="LOV_CountryId"
    ListVOName="CountriesVO1"
    ListRangeSize="-1"
    NullValueFlag="none"
    NullValueId="LOV_CountryId_LOVUIHints_NullValueId"
    MRUCount="0">
    <AttrArray Name="AttrNames">
      <Item Value="CountryId"/>
    </AttrArray>
    <AttrArray Name="ListAttrNames">
      <Item Value="IsoCountryCode"/>
    </AttrArray>
    <AttrArray Name="ListDisplayAttrNames">
      <Item Value="CountryName"/>
    </AttrArray>
    <DisplayCriteria/>
  </ListBinding>
  <SQLQuery>
    <![CDATA[SELECT AddressEO.ADDRESS_ID, 
       AddressEO.ADDRESS1, 
       AddressEO.ADDRESS2, 
       AddressEO.CITY, 
       AddressEO.POSTAL_CODE, 
       AddressEO.STATE_PROVINCE, 
       AddressEO.COUNTRY_ID, 
       AddressEO.OBJECT_VERSION_ID
FROM ADDRESSES AddressEO
WHERE AddressEO.ADDRESS_ID = :id]]>
  </SQLQuery>
  <EntityUsage
    Name="AddressesEO"
    Entity="model.mwgl.eo.AddressesEO"/>
  <ViewAttribute
    Name="AddressId"
    IsNotNull="true"
    PrecisionRule="true"
    EntityAttrName="AddressId"
    EntityUsage="AddressesEO"
    AliasName="ADDRESS_ID"/>
  <ViewAttribute
    Name="Address1"
    IsNotNull="true"
    PrecisionRule="true"
    EntityAttrName="Address1"
    EntityUsage="AddressesEO"
    AliasName="ADDRESS1"/>
  <ViewAttribute
    Name="Address2"
    PrecisionRule="true"
    EntityAttrName="Address2"
    EntityUsage="AddressesEO"
    AliasName="ADDRESS2"/>
  <ViewAttribute
    Name="City"
    IsNotNull="true"
    PrecisionRule="true"
    EntityAttrName="City"
    EntityUsage="AddressesEO"
    AliasName="CITY"/>
  <ViewAttribute
    Name="PostalCode"
    PrecisionRule="true"
    EntityAttrName="PostalCode"
    EntityUsage="AddressesEO"
    AliasName="POSTAL_CODE"/>
  <ViewAttribute
    Name="StateProvince"
    IsNotNull="true"
    PrecisionRule="true"
    EntityAttrName="StateProvince"
    EntityUsage="AddressesEO"
    AliasName="STATE_PROVINCE"/>
  <ViewAttribute
    Name="CountryId"
    IsNotNull="true"
    PrecisionRule="true"
    EntityAttrName="CountryId"
    EntityUsage="AddressesEO"
    AliasName="COUNTRY_ID"
    LOVName="LOV_CountryId">
    <Properties>
      <SchemaBasedProperties>
        <CONTROLTYPE
          Value="choice"/>
      </SchemaBasedProperties>
    </Properties>
  </ViewAttribute>
  <ViewAttribute
    Name="ObjectVersionId"
    IsNotNull="true"
    PrecisionRule="true"
    EntityAttrName="ObjectVersionId"
    EntityUsage="AddressesEO"
    AliasName="OBJECT_VERSION_ID"/>
  <ResourceBundle>
    <PropertiesBundle
      PropertiesFile="model.ModelBundle"/>
  </ResourceBundle>
</ViewObject>
