<?xml version="1.0" encoding="windows-1252" ?>
<!DOCTYPE ViewObject SYSTEM "jbo_03_01.dtd">
<!---->
<ViewObject
  xmlns="http://xmlns.oracle.com/bc4j"
  Name="LookupCodesView"
  Version="11.1.1.64.93"
  InheritPersonalization="true"
  SelectList="LookupCodesEO.CREATED_BY, 
       LookupCodesEO.CREATION_DATE, 
       LookupCodesEO.DESCRIPTION, 
       LookupCodesEO.LANGUAGE, 
       LookupCodesEO.LAST_UPDATE_DATE, 
       LookupCodesEO.LAST_UPDATED_BY, 
       LookupCodesEO.LOOKUP_CODE, 
       LookupCodesEO.LOOKUP_TYPE, 
       LookupCodesEO.MEANING, 
       LookupCodesEO.OBJECT_VERSION_ID, 
       LookupCodesEO.SOURCE_LANG"
  FromList="LOOKUP_CODES LookupCodesEO"
  BindingStyle="OracleName"
  CustomQuery="false"
  PageIterMode="Full"
  UseGlueCode="false"
  Where="LookupCodesEO.LANGUAGE = 'EN'">
  <Properties>
    <SchemaBasedProperties>
      <LABEL
        ResId="model.mwgl.vo.LookupCodesView_LABEL"/>
    </SchemaBasedProperties>
  </Properties>
  <EntityUsage
    Name="LookupCodesEO"
    Entity="model.mwgl.eo.LookupCodesEO"/>
  <ViewAttribute
    Name="CreatedBy"
    IsNotNull="true"
    PrecisionRule="true"
    EntityAttrName="CreatedBy"
    EntityUsage="LookupCodesEO"
    AliasName="CREATED_BY"/>
  <ViewAttribute
    Name="CreationDate"
    IsNotNull="true"
    PrecisionRule="true"
    EntityAttrName="CreationDate"
    EntityUsage="LookupCodesEO"
    AliasName="CREATION_DATE"/>
  <ViewAttribute
    Name="Description"
    PrecisionRule="true"
    EntityAttrName="Description"
    EntityUsage="LookupCodesEO"
    AliasName="DESCRIPTION"/>
  <ViewAttribute
    Name="Language"
    IsNotNull="true"
    PrecisionRule="true"
    EntityAttrName="Language"
    EntityUsage="LookupCodesEO"
    AliasName="LANGUAGE"/>
  <ViewAttribute
    Name="LastUpdateDate"
    IsNotNull="true"
    PrecisionRule="true"
    EntityAttrName="LastUpdateDate"
    EntityUsage="LookupCodesEO"
    AliasName="LAST_UPDATE_DATE"/>
  <ViewAttribute
    Name="LastUpdatedBy"
    IsNotNull="true"
    PrecisionRule="true"
    EntityAttrName="LastUpdatedBy"
    EntityUsage="LookupCodesEO"
    AliasName="LAST_UPDATED_BY"/>
  <ViewAttribute
    Name="LookupCode"
    IsNotNull="true"
    PrecisionRule="true"
    EntityAttrName="LookupCode"
    EntityUsage="LookupCodesEO"
    AliasName="LOOKUP_CODE"/>
  <ViewAttribute
    Name="LookupType"
    IsNotNull="true"
    PrecisionRule="true"
    EntityAttrName="LookupType"
    EntityUsage="LookupCodesEO"
    AliasName="LOOKUP_TYPE"/>
  <ViewAttribute
    Name="Meaning"
    IsNotNull="true"
    PrecisionRule="true"
    EntityAttrName="Meaning"
    EntityUsage="LookupCodesEO"
    AliasName="MEANING"/>
  <ViewAttribute
    Name="ObjectVersionId"
    IsNotNull="true"
    PrecisionRule="true"
    EntityAttrName="ObjectVersionId"
    EntityUsage="LookupCodesEO"
    AliasName="OBJECT_VERSION_ID"/>
  <ViewAttribute
    Name="SourceLang"
    IsNotNull="true"
    PrecisionRule="true"
    EntityAttrName="SourceLang"
    EntityUsage="LookupCodesEO"
    AliasName="SOURCE_LANG"/>
  <ResourceBundle>
    <PropertiesBundle
      PropertiesFile="model.ModelBundle"/>
  </ResourceBundle>
  <ViewCriteria
    Name="LookupCodesViewCriteriaGender"
    ViewObjectName="model.mwgl.vo.LookupCodesView"
    Conjunction="AND">
    <Properties>
      <CustomProperties>
        <Property
          Name="displayOperators"
          Value="InAdvancedMode"/>
        <Property
          Name="autoExecute"
          Value="false"/>
        <Property
          Name="allowConjunctionOverride"
          Value="true"/>
        <Property
          Name="showInList"
          Value="true"/>
        <Property
          Name="mode"
          Value="Basic"/>
      </CustomProperties>
    </Properties>
    <ViewCriteriaRow
      Name="vcrow20"
      UpperColumns="1">
      <ViewCriteriaItem
        Name="LookupType"
        ViewAttribute="LookupType"
        Operator="="
        Conjunction="AND"
        Value="GENDER_CODE"
        Required="Optional"/>
    </ViewCriteriaRow>
  </ViewCriteria>
  <ViewCriteria
    Name="LookupCodesViewCriteria"
    ViewObjectName="model.mwgl.vo.LookupCodesView"
    Conjunction="AND">
    <Properties>
      <CustomProperties>
        <Property
          Name="displayOperators"
          Value="InAdvancedMode"/>
        <Property
          Name="autoExecute"
          Value="false"/>
        <Property
          Name="allowConjunctionOverride"
          Value="true"/>
        <Property
          Name="showInList"
          Value="true"/>
        <Property
          Name="mode"
          Value="Basic"/>
      </CustomProperties>
    </Properties>
    <ViewCriteriaRow
      Name="vcrow108"
      UpperColumns="1">
      <ViewCriteriaItem
        Name="LookupType"
        ViewAttribute="LookupType"
        Operator="="
        Conjunction="AND"
        Value="MARITAL_STATUS_CODE"
        Required="Optional"/>
    </ViewCriteriaRow>
  </ViewCriteria>
  <ViewCriteria
    Name="LookupCodesViewCriteriaPersonType"
    ViewObjectName="model.mwgl.vo.LookupCodesView"
    Conjunction="AND">
    <Properties>
      <CustomProperties>
        <Property
          Name="displayOperators"
          Value="InAdvancedMode"/>
        <Property
          Name="autoExecute"
          Value="false"/>
        <Property
          Name="allowConjunctionOverride"
          Value="true"/>
        <Property
          Name="showInList"
          Value="true"/>
        <Property
          Name="mode"
          Value="Basic"/>
      </CustomProperties>
    </Properties>
    <ViewCriteriaRow
      Name="vcrow210"
      UpperColumns="1">
      <ViewCriteriaItem
        Name="LookupType"
        ViewAttribute="LookupType"
        Operator="="
        Conjunction="AND"
        Value="PERSON_TYPE_CODE"
        Required="Optional"/>
    </ViewCriteriaRow>
  </ViewCriteria>
  <ViewCriteria
    Name="LookupCodesUsageType"
    ViewObjectName="model.mwgl.vo.LookupCodesView"
    Conjunction="AND">
    <Properties>
      <CustomProperties>
        <Property
          Name="displayOperators"
          Value="InAdvancedMode"/>
        <Property
          Name="autoExecute"
          Value="false"/>
        <Property
          Name="allowConjunctionOverride"
          Value="true"/>
        <Property
          Name="showInList"
          Value="true"/>
        <Property
          Name="mode"
          Value="Basic"/>
      </CustomProperties>
    </Properties>
    <ViewCriteriaRow
      Name="vcrow51"
      UpperColumns="1">
      <ViewCriteriaItem
        Name="LookupType"
        ViewAttribute="LookupType"
        Operator="="
        Conjunction="AND"
        Value="USAGE_TYPE_CODE"
        Required="Optional"/>
    </ViewCriteriaRow>
  </ViewCriteria>
  <ViewCriteria
    Name="LookupCodesViewCriteriaTitle"
    ViewObjectName="model.mwgl.vo.LookupCodesView"
    Conjunction="AND">
    <Properties>
      <CustomProperties>
        <Property
          Name="displayOperators"
          Value="InAdvancedMode"/>
        <Property
          Name="autoExecute"
          Value="false"/>
        <Property
          Name="allowConjunctionOverride"
          Value="true"/>
        <Property
          Name="showInList"
          Value="true"/>
        <Property
          Name="mode"
          Value="Basic"/>
      </CustomProperties>
    </Properties>
    <ViewCriteriaRow
      Name="vcrow101"
      UpperColumns="1">
      <ViewCriteriaItem
        Name="LookupType"
        ViewAttribute="LookupType"
        Operator="="
        Conjunction="AND"
        Value="PERSON_TITLE_CODE"
        Required="Optional"/>
    </ViewCriteriaRow>
  </ViewCriteria>
  <ViewCriteria
    Name="LookupCodesViewCriteriaContactMethod"
    ViewObjectName="model.mwgl.vo.LookupCodesView"
    Conjunction="AND">
    <Properties>
      <CustomProperties>
        <Property
          Name="displayOperators"
          Value="InAdvancedMode"/>
        <Property
          Name="autoExecute"
          Value="false"/>
        <Property
          Name="allowConjunctionOverride"
          Value="true"/>
        <Property
          Name="showInList"
          Value="true"/>
        <Property
          Name="mode"
          Value="Basic"/>
      </CustomProperties>
    </Properties>
    <ViewCriteriaRow
      Name="vcrow107"
      UpperColumns="1">
      <ViewCriteriaItem
        Name="LookupType"
        ViewAttribute="LookupType"
        Operator="="
        Conjunction="AND"
        Value="CONTACT_METHOD_CODE"
        Required="Optional"/>
    </ViewCriteriaRow>
  </ViewCriteria>
</ViewObject>
