<?xml version="1.0" encoding="windows-1252" ?>
<!DOCTYPE ViewObject SYSTEM "jbo_03_01.dtd">
<!---->
<ViewObject
  xmlns="http://xmlns.oracle.com/bc4j"
  Name="OrderItemsVO"
  Version="11.1.1.64.93"
  InheritPersonalization="true"
  BindingStyle="OracleName"
  CustomQuery="true"
  PageIterMode="Full"
  UseGlueCode="false">
  <DesignTime>
    <Attr Name="_codeGenFlag2" Value="Access|VarAccess"/>
    <Attr Name="_isExpertMode" Value="true"/>
  </DesignTime>
  <SQLQuery>
    <![CDATA[SELECT OrderItemsEO.ORDER_ID, 
       OrderItemsEO.LINE_ITEM_ID, 
       OrderItemsEO.PRODUCT_ID, 
       OrderItemsEO.QUANTITY, 
       OrderItemsEO.UNIT_PRICE, 
       OrderItemsEO.CREATED_BY, 
       OrderItemsEO.CREATION_DATE, 
       OrderItemsEO.LAST_UPDATED_BY, 
       Orderitemseo.Last_Update_Date, 
       OrderItemsEO.OBJECT_VERSION_ID,
      Producttranslationseo.PRODUCT_ID AS PRODUCT_ID1, 
      Producttranslationseo.LANGUAGE, 
       Producttranslationseo.DESCRIPTION, 
      Categorytranslations.CATEGORY_ID, 
       Categorytranslations.CATEGORY_NAME, 
       Categorytranslations.LANGUAGE AS LANGUAGE1,
      Productsbaseeo.Product_Id As Product_Id2, 
       Productsbaseeo.PRODUCT_NAME,
      Producttranslationseo.ADDITIONAL_INFO,  


decode(ProductsBaseEO.shipping_class_code, 'CLASS1',  ShippingOptionsBase.cost_per_class1_item,
                                     'CLASS2', Shippingoptionsbase.Cost_Per_Class2_Item,
                                     'CLASS3', ShippingOptionsBase.cost_per_class3_item) as SHIPPING_COST
From
Order_Items Orderitemseo,
Products_Base Productsbaseeo,
Product_Translations Producttranslationseo,
Category_Translations Categorytranslations,
Shipping_Options_Base Shippingoptionsbase,
Orders OrdersEO

where 
(OrderItemseo.product_id = ProductsBaseeo.product_id) and 
(ProductsBaseeo.product_id = ProductTranslationseo.product_id) and
CategoryTranslations.category_id=ProductsBaseeo.category_id and
Orderseo.order_id=OrderItemseo.order_id and
Shippingoptionsbase.shipping_option_id=Orderseo.shipping_option_id
and ProductTranslationseo.language = 'EN' and
CategoryTranslations.LANGUAGE='EN']]>
  </SQLQuery>
  <EntityUsage
    Name="OrderItemsEO"
    Entity="model.mwgl.eo.OrderItemsEO"/>
  <EntityUsage
    Name="ProductsBaseEO"
    Entity="model.mwgl.eo.ProductsBaseEO"
    Association="model.mwgl.eo.assoc.OrderItemsProductsFkAssoc"
    AssociationEnd="model.mwgl.eo.assoc.OrderItemsProductsFkAssoc.ProductsBaseEO"
    SourceUsage="model.mwgl.vo.OrderItemsVO.OrderItemsEO"
    ReadOnly="true"
    Reference="true"
    DeleteParticipant="false"
    JoinType="INNER JOIN">
    <DesignTime>
      <AttrArray Name="_srcAttributes">
        <Item Value="model.mwgl.eo.OrderItemsEO.ProductId"/>
      </AttrArray>
      <AttrArray Name="_dstAttributes">
        <Item Value="model.mwgl.eo.ProductsBaseEO.ProductId"/>
      </AttrArray>
    </DesignTime>
  </EntityUsage>
  <EntityUsage
    Name="ProductTranslationsEO"
    Entity="model.mwgl.eo.ProductTranslationsEO"
    Association="model.mwgl.eo.assoc.ProductTranslationsFkAssoc"
    AssociationEnd="model.mwgl.eo.assoc.ProductTranslationsFkAssoc.ProductTranslationsEO"
    SourceUsage="model.mwgl.vo.OrderItemsVO.ProductsBaseEO"
    ReadOnly="true"
    Reference="true"
    DeleteParticipant="false"
    JoinType="INNER JOIN">
    <DesignTime>
      <AttrArray Name="_srcAttributes">
        <Item Value="model.mwgl.eo.ProductsBaseEO.ProductId"/>
      </AttrArray>
      <AttrArray Name="_dstAttributes">
        <Item Value="model.mwgl.eo.ProductTranslationsEO.ProductId"/>
      </AttrArray>
    </DesignTime>
  </EntityUsage>
  <EntityUsage
    Name="CategoryTranslations"
    Entity="model.mwgl.eo.CategoryTranslations"
    SourceUsage="model.mwgl.vo.OrderItemsVO.ProductTranslationsEO"
    ReadOnly="true"
    Reference="true"
    DeleteParticipant="false"/>
  <EntityUsage
    Name="ShippingOptionsBase"
    Entity="model.mwgl.eo.ShippingOptionsBase"
    SourceUsage="model.mwgl.vo.OrderItemsVO.CategoryTranslations"
    ReadOnly="true"
    Reference="true"
    DeleteParticipant="false"/>
  <ViewAttribute
    Name="OrderId"
    IsNotNull="true"
    PrecisionRule="true"
    EntityAttrName="OrderId"
    EntityUsage="OrderItemsEO"
    AliasName="ORDER_ID"/>
  <ViewAttribute
    Name="LineItemId"
    IsNotNull="true"
    PrecisionRule="true"
    EntityAttrName="LineItemId"
    EntityUsage="OrderItemsEO"
    AliasName="LINE_ITEM_ID"/>
  <ViewAttribute
    Name="ProductId"
    IsNotNull="true"
    PrecisionRule="true"
    EntityAttrName="ProductId"
    EntityUsage="OrderItemsEO"
    AliasName="PRODUCT_ID"/>
  <ViewAttribute
    Name="Quantity"
    IsNotNull="true"
    PrecisionRule="true"
    EntityAttrName="Quantity"
    EntityUsage="OrderItemsEO"
    AliasName="QUANTITY"/>
  <ViewAttribute
    Name="UnitPrice"
    IsNotNull="true"
    PrecisionRule="true"
    EntityAttrName="UnitPrice"
    EntityUsage="OrderItemsEO"
    AliasName="UNIT_PRICE"/>
  <ViewAttribute
    Name="CreatedBy"
    IsNotNull="true"
    PrecisionRule="true"
    EntityAttrName="CreatedBy"
    EntityUsage="OrderItemsEO"
    AliasName="CREATED_BY"/>
  <ViewAttribute
    Name="CreationDate"
    IsNotNull="true"
    PrecisionRule="true"
    EntityAttrName="CreationDate"
    EntityUsage="OrderItemsEO"
    AliasName="CREATION_DATE"/>
  <ViewAttribute
    Name="LastUpdatedBy"
    IsNotNull="true"
    PrecisionRule="true"
    EntityAttrName="LastUpdatedBy"
    EntityUsage="OrderItemsEO"
    AliasName="LAST_UPDATED_BY"/>
  <ViewAttribute
    Name="LastUpdateDate"
    IsNotNull="true"
    PrecisionRule="true"
    EntityAttrName="LastUpdateDate"
    EntityUsage="OrderItemsEO"
    AliasName="LAST_UPDATE_DATE"/>
  <ViewAttribute
    Name="ObjectVersionId"
    IsNotNull="true"
    PrecisionRule="true"
    EntityAttrName="ObjectVersionId"
    EntityUsage="OrderItemsEO"
    AliasName="OBJECT_VERSION_ID"/>
  <ViewAttribute
    Name="ProductId1"
    IsNotNull="true"
    PrecisionRule="true"
    EntityAttrName="ProductId"
    EntityUsage="ProductTranslationsEO"
    AliasName="PRODUCT_ID1"/>
  <ViewAttribute
    Name="Language"
    IsNotNull="true"
    PrecisionRule="true"
    EntityAttrName="Language"
    EntityUsage="ProductTranslationsEO"
    AliasName="LANGUAGE"/>
  <ViewAttribute
    Name="Description"
    IsNotNull="true"
    PrecisionRule="true"
    EntityAttrName="Description"
    EntityUsage="ProductTranslationsEO"
    AliasName="DESCRIPTION"/>
  <ViewAttribute
    Name="CategoryId"
    IsNotNull="true"
    PrecisionRule="true"
    EntityAttrName="CategoryId"
    EntityUsage="CategoryTranslations"
    AliasName="CATEGORY_ID"/>
  <ViewAttribute
    Name="CategoryName"
    IsNotNull="true"
    PrecisionRule="true"
    EntityAttrName="CategoryName"
    EntityUsage="CategoryTranslations"
    AliasName="CATEGORY_NAME"/>
  <ViewAttribute
    Name="Language1"
    IsNotNull="true"
    PrecisionRule="true"
    EntityAttrName="Language"
    EntityUsage="CategoryTranslations"
    AliasName="LANGUAGE1"/>
  <ViewAttribute
    Name="ProductId2"
    IsNotNull="true"
    PrecisionRule="true"
    EntityAttrName="ProductId"
    EntityUsage="ProductsBaseEO"
    AliasName="PRODUCT_ID2"/>
  <ViewAttribute
    Name="ProductName"
    IsNotNull="true"
    PrecisionRule="true"
    EntityAttrName="ProductName"
    EntityUsage="ProductsBaseEO"
    AliasName="PRODUCT_NAME"/>
  <ViewAttribute
    Name="AdditionalInfo"
    PrecisionRule="true"
    EntityAttrName="AdditionalInfo"
    EntityUsage="ProductTranslationsEO"
    AliasName="ADDITIONAL_INFO"/>
  <ViewAttribute
    Name="ShippingCost"
    IsUpdateable="false"
    IsPersistent="false"
    PrecisionRule="true"
    Type="oracle.jbo.domain.Number"
    ColumnType="NUMBER"
    AliasName="SHIPPING_COST"
    Expression="SHIPPING_COST"
    SQLType="NUMERIC">
    <DesignTime>
      <Attr Name="_DisplaySize" Value="39"/>
    </DesignTime>
  </ViewAttribute>
  <ViewAttribute
    Name="ListPrice"
    IsQueriable="false"
    IsPersistent="false"
    PrecisionRule="true"
    EntityAttrName="ListPrice"
    EntityUsage="OrderItemsEO"/>
  <AttrArray Name="KeyAttributes">
    <Item Value="OrderId"/>
    <Item Value="LineItemId"/>
    <Item Value="CategoryId"/>
    <Item Value="Language1"/>
  </AttrArray>
</ViewObject>
