<?xml version="1.0" encoding="windows-1252" ?>
<!DOCTYPE ViewObject SYSTEM "jbo_03_01.dtd">
<!---->
<ViewObject
  xmlns="http://xmlns.oracle.com/bc4j"
  Name="PaymentOptionsVO"
  Version="11.1.1.64.93"
  InheritPersonalization="true"
  SelectList="PaymentOptionsEO.PAYMENT_OPTION_ID, 
       PaymentOptionsEO.CUSTOMER_ID, 
       PaymentOptionsEO.PAYMENT_TYPE_CODE, 
       PaymentOptionsEO.BILLING_ADDRESS_ID, 
       PaymentOptionsEO.ACCOUNT_NUMBER, 
       PaymentOptionsEO.CARD_TYPE_CODE, 
       PaymentOptionsEO.EXPIRE_DATE, 
       PaymentOptionsEO.CHECK_DIGITS, 
       PaymentOptionsEO.ROUTING_IDENTIFIER, 
       PaymentOptionsEO.INSTITUTION_NAME, 
       PaymentOptionsEO.VALID_FROM_DATE, 
       PaymentOptionsEO.VALID_TO_DATE, 
       PaymentOptionsEO.CREATED_BY, 
       PaymentOptionsEO.CREATION_DATE, 
       PaymentOptionsEO.LAST_UPDATED_BY, 
       PaymentOptionsEO.LAST_UPDATE_DATE, 
       PaymentOptionsEO.OBJECT_VERSION_ID"
  FromList="PAYMENT_OPTIONS PaymentOptionsEO"
  BindingStyle="OracleName"
  CustomQuery="false"
  PageIterMode="Full"
  UseGlueCode="false"
  Where="PaymentOptionsEO.CUSTOMER_ID=108">
  <DesignTime>
    <Attr Name="_codeGenFlag2" Value="Access|VarAccess"/>
  </DesignTime>
  <Variable
    Name="PersonIdBind"
    Kind="viewcriteria"
    Type="java.lang.Integer"/>
  <ViewAccessor
    Name="LookUpBaseView1"
    ViewObjectName="model.mwgl.vo.LookUpBaseView"
    RowLevelBinds="true">
    <ViewCriteriaUsage
      Name="LookUpBaseViewCriteria1"
      FullName="model.mwgl.vo.LookUpBaseView.LookUpBaseViewCriteria1"/>
  </ViewAccessor>
  <ViewAccessor
    Name="AddressAndUsageVO1"
    ViewObjectName="model.mwgl.vo.AddressAndUsageVO">
    <ViewCriteriaUsage
      Name="AddressesForUserCriteria"
      FullName="model.mwgl.vo.AddressAndUsageVO.AddressesForUserCriteria"/>
    <ViewCriteriaUsage
      Name="BillingAddressesCriteria"
      FullName="model.mwgl.vo.AddressAndUsageVO.BillingAddressesCriteria"/>
    <ParameterMap>
      <PIMap Variable="personid">
        <TransientExpression><![CDATA[CustomerId]]></TransientExpression>
      </PIMap>
    </ParameterMap>
  </ViewAccessor>
  <ViewAccessor
    Name="LookUpBaseCreditCard"
    ViewObjectName="model.mwgl.vo.LookUpBaseView"
    RowLevelBinds="true">
    <ViewCriteriaUsage
      Name="LookUpBaseViewCriteria"
      FullName="model.mwgl.vo.LookUpBaseView.LookUpBaseViewCriteria"/>
  </ViewAccessor>
  <ListBinding
    Name="LOV_PaymentTypeCode"
    ListVOName="LookUpBaseView1"
    ListRangeSize="10"
    NullValueFlag="none"
    NullValueId="LOV_PaymentTypeCode_LOVUIHints_NullValueId"
    MRUCount="0">
    <AttrArray Name="AttrNames">
      <Item Value="PaymentTypeCode"/>
    </AttrArray>
    <AttrArray Name="ListAttrNames">
      <Item Value="LookupCode"/>
    </AttrArray>
    <AttrArray Name="ListDisplayAttrNames">
      <Item Value="Meaning"/>
      <Item Value="Description"/>
    </AttrArray>
    <DisplayCriteria
      Hint="hide"/>
  </ListBinding>
  <ListBinding
    Name="LOV_BillingAddressId"
    ListVOName="AddressAndUsageVO1"
    ListRangeSize="-1"
    NullValueFlag="none"
    NullValueId="LOV_BillingAddressId_LOVUIHints_NullValueId"
    MRUCount="0">
    <AttrArray Name="AttrNames">
      <Item Value="BillingAddressId"/>
    </AttrArray>
    <AttrArray Name="ListAttrNames">
      <Item Value="AddressId"/>
    </AttrArray>
    <AttrArray Name="ListDisplayAttrNames">
      <Item Value="Address1"/>
      <Item Value="City"/>
      <Item Value="StateProvince"/>
      <Item Value="CountryId"/>
      <Item Value="PostalCode"/>
    </AttrArray>
    <DisplayCriteria/>
  </ListBinding>
  <ListBinding
    Name="LOV_CardTypeCode"
    ListVOName="LookUpBaseCreditCard"
    ListRangeSize="10"
    NullValueFlag="start"
    NullValueId="${adfBundle['oracle.javatools.resourcebundle.SystemBundle']['NULL_VALUE_RESID']}"
    MRUCount="0">
    <AttrArray Name="AttrNames">
      <Item Value="CardTypeCode"/>
    </AttrArray>
    <AttrArray Name="ListAttrNames">
      <Item Value="LookupCode"/>
    </AttrArray>
    <AttrArray Name="ListDisplayAttrNames">
      <Item Value="Meaning"/>
    </AttrArray>
    <DisplayCriteria
      Hint="showAndExecute"/>
  </ListBinding>
  <EntityUsage
    Name="PaymentOptionsEO"
    Entity="model.mwgl.eo.PaymentOptionsEO"/>
  <ViewAttribute
    Name="PaymentOptionId"
    IsNotNull="true"
    PrecisionRule="true"
    EntityAttrName="PaymentOptionId"
    EntityUsage="PaymentOptionsEO"
    AliasName="PAYMENT_OPTION_ID"
    IsUpdateable="while_insert"/>
  <ViewAttribute
    Name="CustomerId"
    IsNotNull="true"
    PrecisionRule="true"
    EntityAttrName="CustomerId"
    EntityUsage="PaymentOptionsEO"
    AliasName="CUSTOMER_ID"/>
  <ViewAttribute
    Name="PaymentTypeCode"
    IsNotNull="true"
    PrecisionRule="true"
    EntityAttrName="PaymentTypeCode"
    EntityUsage="PaymentOptionsEO"
    AliasName="PAYMENT_TYPE_CODE"
    LOVName="LOV_PaymentTypeCode">
    <Properties>
      <SchemaBasedProperties>
        <CONTROLTYPE
          Value="combo_lov"/>
      </SchemaBasedProperties>
    </Properties>
  </ViewAttribute>
  <ViewAttribute
    Name="BillingAddressId"
    PrecisionRule="true"
    EntityAttrName="BillingAddressId"
    EntityUsage="PaymentOptionsEO"
    AliasName="BILLING_ADDRESS_ID"
    LOVName="LOV_BillingAddressId">
    <Properties>
      <SchemaBasedProperties>
        <CONTROLTYPE
          Value="choice"/>
      </SchemaBasedProperties>
    </Properties>
  </ViewAttribute>
  <ViewAttribute
    Name="AccountNumber"
    IsNotNull="true"
    PrecisionRule="true"
    EntityAttrName="AccountNumber"
    EntityUsage="PaymentOptionsEO"
    AliasName="ACCOUNT_NUMBER"/>
  <ViewAttribute
    Name="CardTypeCode"
    PrecisionRule="true"
    EntityAttrName="CardTypeCode"
    EntityUsage="PaymentOptionsEO"
    AliasName="CARD_TYPE_CODE"
    LOVName="LOV_CardTypeCode">
    <Properties>
      <SchemaBasedProperties>
        <CONTROLTYPE
          Value="combo_lov"/>
      </SchemaBasedProperties>
    </Properties>
  </ViewAttribute>
  <ViewAttribute
    Name="ExpireDate"
    PrecisionRule="true"
    EntityAttrName="ExpireDate"
    EntityUsage="PaymentOptionsEO"
    AliasName="EXPIRE_DATE"/>
  <ViewAttribute
    Name="CheckDigits"
    PrecisionRule="true"
    EntityAttrName="CheckDigits"
    EntityUsage="PaymentOptionsEO"
    AliasName="CHECK_DIGITS"/>
  <ViewAttribute
    Name="RoutingIdentifier"
    PrecisionRule="true"
    EntityAttrName="RoutingIdentifier"
    EntityUsage="PaymentOptionsEO"
    AliasName="ROUTING_IDENTIFIER"/>
  <ViewAttribute
    Name="InstitutionName"
    PrecisionRule="true"
    EntityAttrName="InstitutionName"
    EntityUsage="PaymentOptionsEO"
    AliasName="INSTITUTION_NAME"/>
  <ViewAttribute
    Name="ValidFromDate"
    PrecisionRule="true"
    EntityAttrName="ValidFromDate"
    EntityUsage="PaymentOptionsEO"
    AliasName="VALID_FROM_DATE"/>
  <ViewAttribute
    Name="ValidToDate"
    PrecisionRule="true"
    EntityAttrName="ValidToDate"
    EntityUsage="PaymentOptionsEO"
    AliasName="VALID_TO_DATE"/>
  <ViewAttribute
    Name="CreatedBy"
    IsNotNull="true"
    PrecisionRule="true"
    EntityAttrName="CreatedBy"
    EntityUsage="PaymentOptionsEO"
    AliasName="CREATED_BY"
    IsUpdateable="false"/>
  <ViewAttribute
    Name="CreationDate"
    IsNotNull="true"
    PrecisionRule="true"
    EntityAttrName="CreationDate"
    EntityUsage="PaymentOptionsEO"
    AliasName="CREATION_DATE"
    IsUpdateable="false"/>
  <ViewAttribute
    Name="LastUpdatedBy"
    IsNotNull="true"
    PrecisionRule="true"
    EntityAttrName="LastUpdatedBy"
    EntityUsage="PaymentOptionsEO"
    AliasName="LAST_UPDATED_BY"
    IsUpdateable="false"/>
  <ViewAttribute
    Name="LastUpdateDate"
    IsNotNull="true"
    PrecisionRule="true"
    EntityAttrName="LastUpdateDate"
    EntityUsage="PaymentOptionsEO"
    AliasName="LAST_UPDATE_DATE"
    IsUpdateable="false"/>
  <ViewAttribute
    Name="ObjectVersionId"
    IsNotNull="true"
    PrecisionRule="true"
    EntityAttrName="ObjectVersionId"
    EntityUsage="PaymentOptionsEO"
    AliasName="OBJECT_VERSION_ID"
    IsUpdateable="false"/>
  <ViewCriteria
    Name="PaymentOptionsVOCriteria"
    ViewObjectName="model.mwgl.vo.PaymentOptionsVO"
    Conjunction="AND">
    <Properties>
      <CustomProperties>
        <Property
          Name="displayOperators"
          Value="InAdvancedMode"/>
        <Property
          Name="autoExecute"
          Value="false"/>
        <Property
          Name="allowConjunctionOverride"
          Value="true"/>
        <Property
          Name="showInList"
          Value="true"/>
        <Property
          Name="mode"
          Value="Basic"/>
      </CustomProperties>
    </Properties>
    <ViewCriteriaRow
      Name="vcrow0"
      UpperColumns="1">
      <ViewCriteriaItem
        Name="CustomerId"
        ViewAttribute="CustomerId"
        Operator="="
        Conjunction="AND"
        Value=":PersonIdBind"
        IsBindVarValue="true"
        Required="Optional"/>
    </ViewCriteriaRow>
  </ViewCriteria>
  <ViewLinkAccessor
    Name="OrdersVO"
    ViewLink="model.mwgl.vo.links.OrdersPaymentOptionsFkLink"
    Type="oracle.jbo.RowIterator"
    IsUpdateable="false"/>
  <ViewLinkAccessor
    Name="AddressesVO"
    ViewLink="model.mwgl.vo.links.Payment_Address_Link"
    Type="oracle.jbo.RowIterator"
    IsUpdateable="false"/>
</ViewObject>
