<?xml version="1.0" encoding="windows-1252" ?>
<!DOCTYPE ViewLink SYSTEM "jbo_03_01.dtd">
<!---->
<ViewLink
  xmlns="http://xmlns.oracle.com/bc4j"
  Name="PersonsAddressesFkLink"
  Version="11.1.1.64.93"
  InheritPersonalization="true"
  EntityAssociation="model.mwgl.eo.PersonsAddressesFkAssoc">
  <DesignTime>
    <Attr Name="_isCodegen" Value="true"/>
  </DesignTime>
  <ViewLinkDefEnd
    Name="AddressesVO"
    Cardinality="1"
    Owner="model.mwgl.vo.AddressesVO"
    Source="true">
    <DesignTime>
      <Attr Name="_finderName" Value="AddressesVO"/>
      <Attr Name="_isUpdateable" Value="true"/>
    </DesignTime>
    <AttrArray Name="Attributes">
      <Item Value="model.mwgl.vo.AddressesVO.AddressId"/>
    </AttrArray>
  </ViewLinkDefEnd>
  <ViewLinkDefEnd
    Name="PersonsVO"
    Cardinality="-1"
    Owner="model.mwgl.vo.PersonsVO">
    <DesignTime>
      <Attr Name="_finderName" Value="PersonsVO"/>
      <Attr Name="_isUpdateable" Value="true"/>
    </DesignTime>
    <AttrArray Name="Attributes">
      <Item Value="model.mwgl.vo.PersonsVO.PrimaryAddressId"/>
    </AttrArray>
  </ViewLinkDefEnd>
</ViewLink>
