<?xml version="1.0" encoding="windows-1252" ?>
<!DOCTYPE ViewObject SYSTEM "jbo_03_01.dtd">
<!---->
<ViewObject
  xmlns="http://xmlns.oracle.com/bc4j"
  Name="PersonsVO"
  Version="11.1.1.64.93"
  InheritPersonalization="true"
  BindingStyle="OracleName"
  CustomQuery="true"
  PageIterMode="Full"
  UseGlueCode="false">
  <DesignTime>
    <Attr Name="_codeGenFlag2" Value="Access|VarAccess"/>
    <Attr Name="_isExpertMode" Value="true"/>
  </DesignTime>
  <ViewAccessor
    Name="LookupCodesViewGender"
    ViewObjectName="model.mwgl.vo.LookupCodesView"
    RowLevelBinds="true">
    <ViewCriteriaUsage
      Name="LookupCodesViewCriteriaGender"
      FullName="model.mwgl.vo.LookupCodesView.LookupCodesViewCriteriaGender"/>
  </ViewAccessor>
  <ViewAccessor
    Name="LookupMartialStatusCodes"
    ViewObjectName="model.mwgl.vo.LookupCodesView"
    RowLevelBinds="true">
    <ViewCriteriaUsage
      Name="LookupCodesViewCriteria"
      FullName="model.mwgl.vo.LookupCodesView.LookupCodesViewCriteria"/>
  </ViewAccessor>
  <ViewAccessor
    Name="LookupCodesViewPersonType"
    ViewObjectName="model.mwgl.vo.LookupCodesView"
    RowLevelBinds="true">
    <ViewCriteriaUsage
      Name="LookupCodesViewCriteriaPersonType"
      FullName="model.mwgl.vo.LookupCodesView.LookupCodesViewCriteriaPersonType"/>
  </ViewAccessor>
  <ViewAccessor
    Name="LookupCodesTitle"
    ViewObjectName="model.mwgl.vo.LookupCodesView"
    RowLevelBinds="true">
    <ViewCriteriaUsage
      Name="LookupCodesViewCriteriaTitle"
      FullName="model.mwgl.vo.LookupCodesView.LookupCodesViewCriteriaTitle"/>
  </ViewAccessor>
  <ViewAccessor
    Name="LookupCodesContactMethod"
    ViewObjectName="model.mwgl.vo.LookupCodesView"
    RowLevelBinds="true">
    <ViewCriteriaUsage
      Name="LookupCodesViewCriteriaContactMethod"
      FullName="model.mwgl.vo.LookupCodesView.LookupCodesViewCriteriaContactMethod"/>
  </ViewAccessor>
  <ListBinding
    Name="LOV_Gender"
    ListVOName="LookupCodesViewGender"
    ListRangeSize="-1"
    NullValueFlag="none"
    NullValueId="LOV_Gender_LOVUIHints_NullValueId"
    MRUCount="0">
    <AttrArray Name="AttrNames">
      <Item Value="Gender"/>
    </AttrArray>
    <AttrArray Name="ListAttrNames">
      <Item Value="LookupCode"/>
    </AttrArray>
    <AttrArray Name="ListDisplayAttrNames">
      <Item Value="Meaning"/>
    </AttrArray>
    <DisplayCriteria/>
  </ListBinding>
  <ListBinding
    Name="LOV_MaritalStatusCode"
    ListVOName="LookupMartialStatusCodes"
    ListRangeSize="-1"
    NullValueFlag="none"
    NullValueId="LOV_MaritalStatusCode_LOVUIHints_NullValueId"
    MRUCount="0">
    <AttrArray Name="AttrNames">
      <Item Value="MaritalStatusCode"/>
    </AttrArray>
    <AttrArray Name="ListAttrNames">
      <Item Value="LookupCode"/>
    </AttrArray>
    <AttrArray Name="ListDisplayAttrNames">
      <Item Value="Meaning"/>
    </AttrArray>
    <DisplayCriteria/>
  </ListBinding>
  <ListBinding
    Name="LOV_PersonTypeCode"
    ListVOName="LookupCodesViewPersonType"
    ListRangeSize="-1"
    NullValueFlag="none"
    NullValueId="LOV_PersonTypeCode_LOVUIHints_NullValueId"
    MRUCount="0">
    <AttrArray Name="AttrNames">
      <Item Value="PersonTypeCode"/>
    </AttrArray>
    <AttrArray Name="ListAttrNames">
      <Item Value="LookupCode"/>
    </AttrArray>
    <AttrArray Name="ListDisplayAttrNames">
      <Item Value="Meaning"/>
    </AttrArray>
    <DisplayCriteria/>
  </ListBinding>
  <ListBinding
    Name="LOV_Title"
    ListVOName="LookupCodesTitle"
    ListRangeSize="-1"
    NullValueFlag="start"
    NullValueId="LOV_Title_LOVUIHints_NullValueId"
    MRUCount="0">
    <AttrArray Name="AttrNames">
      <Item Value="Title"/>
    </AttrArray>
    <AttrArray Name="ListAttrNames">
      <Item Value="LookupCode"/>
    </AttrArray>
    <AttrArray Name="ListDisplayAttrNames">
      <Item Value="Meaning"/>
    </AttrArray>
    <DisplayCriteria/>
  </ListBinding>
  <ListBinding
    Name="LOV_ContactMethodCode"
    ListVOName="LookupCodesContactMethod"
    ListRangeSize="-1"
    NullValueFlag="start"
    NullValueId="LOV_ContactMethodCode_LOVUIHints_NullValueId"
    MRUCount="0">
    <AttrArray Name="AttrNames">
      <Item Value="ContactMethodCode"/>
    </AttrArray>
    <AttrArray Name="ListAttrNames">
      <Item Value="LookupCode"/>
    </AttrArray>
    <AttrArray Name="ListDisplayAttrNames">
      <Item Value="Meaning"/>
    </AttrArray>
    <DisplayCriteria/>
  </ListBinding>
  <SQLQuery>
    <![CDATA[SELECT PersonsEO.PERSON_ID, 
       PersonsEO.PRINCIPAL_NAME, 
       PersonsEO.TITLE, 
       PersonsEO.FIRST_NAME, 
       PersonsEO.LAST_NAME, 
       PersonsEO.PERSON_TYPE_CODE, 
       PersonsEO.SUPPLIER_ID, 
       PersonsEO.PROVISIONED_FLAG, 
       PersonsEO.PRIMARY_ADDRESS_ID, 
       PersonsEO.REGISTERED_DATE, 
       PersonsEO.MEMBERSHIP_ID, 
       PersonsEO.EMAIL, 
       PersonsEO.CONFIRMED_EMAIL, 
       PersonsEO.PHONE_NUMBER, 
       PersonsEO.MOBILE_PHONE_NUMBER, 
       PersonsEO.CREDIT_LIMIT, 
       PersonsEO.DATE_OF_BIRTH, 
       PersonsEO.MARITAL_STATUS_CODE, 
       PersonsEO.GENDER, 
       PersonsEO.CHILDREN_UNDER_18, 
       PersonsEO.APPROXIMATE_INCOME, 
       PersonsEO.CONTACT_METHOD_CODE, 
       PersonsEO.CONTACTABLE_FLAG, 
       PersonsEO.CONTACT_BY_AFFILLIATES_FLAG, 
       PersonsEO.CREATED_BY, 
       PersonsEO.CREATION_DATE, 
       PersonsEO.LAST_UPDATED_BY, 
       PersonsEO.LAST_UPDATE_DATE, 
       PersonsEO.OBJECT_VERSION_ID, 
       CustomerInterestsEO.CUSTOMER_ID, 
       CustomerInterestsEO.CATEGORY_ID, 
       CustomerInterestsEO.CUSTOMER_INTERESTS_ID, 
       AddressesEO.ADDRESS1, 
       AddressesEO.ADDRESS2, 
       AddressesEO.ADDRESS_ID, 
       AddressesEO.CITY, 
       AddressesEO.COUNTRY_ID, 
       AddressesEO.LATITUDE, 
       AddressesEO.LONGITUDE, 
       AddressesEO.OBJECT_VERSION_ID AS OBJECT_VERSION_ID1, 
       AddressesEO.POSTAL_CODE, 
       AddressesEO.STATE_PROVINCE
FROM PERSONS PersonsEO, CUSTOMER_INTERESTS CustomerInterestsEO, ADDRESSES AddressesEO, ADDRESS_USAGES AddressUsagesEO
WHERE (CustomerInterestsEO.CUSTOMER_ID(+)=PersonsEO.PERSON_ID) AND 
(PersonsEO.PERSON_ID = AddressUsagesEO.ASSOCIATED_OWNER_ID)AND
 (Addressusageseo.Address_Id = Addresseseo.Address_Id)And 
( AddressesEO.ADDRESS_ID=PersonsEO.PRIMARY_ADDRESS_ID)And
PersonsEO.PERSON_ID=108]]>
  </SQLQuery>
  <EntityUsage
    Name="PersonsEO"
    Entity="model.mwgl.eo.PersonsEO"/>
  <EntityUsage
    Name="CustomerInterestsEO"
    Entity="model.mwgl.eo.CustomerInterestsEO"
    Association="model.mwgl.eo.assoc.CustomerInterestsPersonFk1Assoc"
    AssociationEnd="model.mwgl.eo.assoc.CustomerInterestsPersonFk1Assoc.CustomerInterestsEO"
    SourceUsage="model.mwgl.vo.PersonsVO.PersonsEO"
    ReadOnly="true"
    Reference="true"
    DeleteParticipant="false"
    JoinType="INNER JOIN">
    <DesignTime>
      <AttrArray Name="_srcAttributes">
        <Item Value="model.mwgl.eo.PersonsEO.PersonId"/>
      </AttrArray>
      <AttrArray Name="_dstAttributes">
        <Item Value="model.mwgl.eo.CustomerInterestsEO.CustomerId"/>
      </AttrArray>
    </DesignTime>
  </EntityUsage>
  <EntityUsage
    Name="AddressesEO"
    Entity="model.mwgl.eo.AddressesEO"
    Association="model.mwgl.eo.assoc.PersonsAddressesFkAssoc"
    AssociationEnd="model.mwgl.eo.assoc.PersonsAddressesFkAssoc.AddressesEO"
    SourceUsage="model.mwgl.vo.PersonsVO.PersonsEO"
    ReadOnly="true"
    Reference="true"
    DeleteParticipant="false"
    JoinType="INNER JOIN">
    <DesignTime>
      <AttrArray Name="_srcAttributes">
        <Item Value="model.mwgl.eo.PersonsEO.PrimaryAddressId"/>
      </AttrArray>
      <AttrArray Name="_dstAttributes">
        <Item Value="model.mwgl.eo.AddressesEO.AddressId"/>
      </AttrArray>
    </DesignTime>
  </EntityUsage>
  <EntityUsage
    Name="AddressUsagesEO"
    Entity="model.mwgl.eo.AddressUsagesEO"
    Association="model.mwgl.eo.assoc.AddressUsagesPersonsFkAssoc"
    AssociationEnd="model.mwgl.eo.assoc.AddressUsagesPersonsFkAssoc.AddressUsagesEO"
    SourceUsage="model.mwgl.vo.PersonsVO.PersonsEO"
    ReadOnly="true"
    Reference="true"
    DeleteParticipant="false"
    JoinType="INNER JOIN">
    <DesignTime>
      <AttrArray Name="_srcAttributes">
        <Item Value="model.mwgl.eo.PersonsEO.PersonId"/>
      </AttrArray>
      <AttrArray Name="_dstAttributes">
        <Item Value="model.mwgl.eo.AddressUsagesEO.AssociatedOwnerId"/>
      </AttrArray>
    </DesignTime>
  </EntityUsage>
  <ViewAttribute
    Name="PersonId"
    IsNotNull="true"
    PrecisionRule="true"
    EntityAttrName="PersonId"
    EntityUsage="PersonsEO"
    AliasName="PERSON_ID"
    IsUpdateable="while_insert"/>
  <ViewAttribute
    Name="PrincipalName"
    IsNotNull="true"
    PrecisionRule="true"
    EntityAttrName="PrincipalName"
    EntityUsage="PersonsEO"
    AliasName="PRINCIPAL_NAME"/>
  <ViewAttribute
    Name="Title"
    PrecisionRule="true"
    EntityAttrName="Title"
    EntityUsage="PersonsEO"
    AliasName="TITLE"
    LOVName="LOV_Title">
    <Properties>
      <SchemaBasedProperties>
        <CONTROLTYPE
          Value="choice"/>
      </SchemaBasedProperties>
    </Properties>
  </ViewAttribute>
  <ViewAttribute
    Name="FirstName"
    PrecisionRule="true"
    EntityAttrName="FirstName"
    EntityUsage="PersonsEO"
    AliasName="FIRST_NAME"/>
  <ViewAttribute
    Name="LastName"
    PrecisionRule="true"
    EntityAttrName="LastName"
    EntityUsage="PersonsEO"
    AliasName="LAST_NAME"/>
  <ViewAttribute
    Name="PersonTypeCode"
    IsNotNull="true"
    PrecisionRule="true"
    EntityAttrName="PersonTypeCode"
    EntityUsage="PersonsEO"
    AliasName="PERSON_TYPE_CODE"
    LOVName="LOV_PersonTypeCode">
    <Properties>
      <SchemaBasedProperties>
        <CONTROLTYPE
          Value="choice"/>
      </SchemaBasedProperties>
    </Properties>
  </ViewAttribute>
  <ViewAttribute
    Name="SupplierId"
    PrecisionRule="true"
    EntityAttrName="SupplierId"
    EntityUsage="PersonsEO"
    AliasName="SUPPLIER_ID"/>
  <ViewAttribute
    Name="ProvisionedFlag"
    PrecisionRule="true"
    EntityAttrName="ProvisionedFlag"
    EntityUsage="PersonsEO"
    AliasName="PROVISIONED_FLAG"/>
  <ViewAttribute
    Name="PrimaryAddressId"
    PrecisionRule="true"
    EntityAttrName="PrimaryAddressId"
    EntityUsage="PersonsEO"
    AliasName="PRIMARY_ADDRESS_ID"/>
  <ViewAttribute
    Name="RegisteredDate"
    PrecisionRule="true"
    EntityAttrName="RegisteredDate"
    EntityUsage="PersonsEO"
    AliasName="REGISTERED_DATE"/>
  <ViewAttribute
    Name="MembershipId"
    PrecisionRule="true"
    EntityAttrName="MembershipId"
    EntityUsage="PersonsEO"
    AliasName="MEMBERSHIP_ID"/>
  <ViewAttribute
    Name="Email"
    IsNotNull="true"
    PrecisionRule="true"
    EntityAttrName="Email"
    EntityUsage="PersonsEO"
    AliasName="EMAIL"/>
  <ViewAttribute
    Name="ConfirmedEmail"
    PrecisionRule="true"
    EntityAttrName="ConfirmedEmail"
    EntityUsage="PersonsEO"
    AliasName="CONFIRMED_EMAIL"/>
  <ViewAttribute
    Name="PhoneNumber"
    PrecisionRule="true"
    EntityAttrName="PhoneNumber"
    EntityUsage="PersonsEO"
    AliasName="PHONE_NUMBER"/>
  <ViewAttribute
    Name="MobilePhoneNumber"
    PrecisionRule="true"
    EntityAttrName="MobilePhoneNumber"
    EntityUsage="PersonsEO"
    AliasName="MOBILE_PHONE_NUMBER"/>
  <ViewAttribute
    Name="CreditLimit"
    PrecisionRule="true"
    EntityAttrName="CreditLimit"
    EntityUsage="PersonsEO"
    AliasName="CREDIT_LIMIT"/>
  <ViewAttribute
    Name="DateOfBirth"
    PrecisionRule="true"
    EntityAttrName="DateOfBirth"
    EntityUsage="PersonsEO"
    AliasName="DATE_OF_BIRTH"/>
  <ViewAttribute
    Name="MaritalStatusCode"
    IsNotNull="true"
    PrecisionRule="true"
    EntityAttrName="MaritalStatusCode"
    EntityUsage="PersonsEO"
    AliasName="MARITAL_STATUS_CODE"
    LOVName="LOV_MaritalStatusCode">
    <Properties>
      <SchemaBasedProperties>
        <CONTROLTYPE
          Value="choice"/>
      </SchemaBasedProperties>
    </Properties>
  </ViewAttribute>
  <ViewAttribute
    Name="Gender"
    IsNotNull="true"
    PrecisionRule="true"
    EntityAttrName="Gender"
    EntityUsage="PersonsEO"
    AliasName="GENDER"
    LOVName="LOV_Gender">
    <Properties>
      <SchemaBasedProperties>
        <CONTROLTYPE
          Value="choice"/>
      </SchemaBasedProperties>
    </Properties>
  </ViewAttribute>
  <ViewAttribute
    Name="ChildrenUnder18"
    PrecisionRule="true"
    EntityAttrName="ChildrenUnder18"
    EntityUsage="PersonsEO"
    AliasName="CHILDREN_UNDER_18"/>
  <ViewAttribute
    Name="ApproximateIncome"
    PrecisionRule="true"
    EntityAttrName="ApproximateIncome"
    EntityUsage="PersonsEO"
    AliasName="APPROXIMATE_INCOME"/>
  <ViewAttribute
    Name="ContactMethodCode"
    PrecisionRule="true"
    EntityAttrName="ContactMethodCode"
    EntityUsage="PersonsEO"
    AliasName="CONTACT_METHOD_CODE"
    LOVName="LOV_ContactMethodCode">
    <Properties>
      <SchemaBasedProperties>
        <CONTROLTYPE
          Value="choice"/>
      </SchemaBasedProperties>
    </Properties>
  </ViewAttribute>
  <ViewAttribute
    Name="ContactableFlag"
    IsNotNull="true"
    PrecisionRule="true"
    EntityAttrName="ContactableFlag"
    EntityUsage="PersonsEO"
    AliasName="CONTACTABLE_FLAG"
    DefaultValue="N"/>
  <ViewAttribute
    Name="ContactByAffilliatesFlag"
    IsNotNull="true"
    PrecisionRule="true"
    EntityAttrName="ContactByAffilliatesFlag"
    EntityUsage="PersonsEO"
    AliasName="CONTACT_BY_AFFILLIATES_FLAG"
    DefaultValue="N"/>
  <ViewAttribute
    Name="CreatedBy"
    IsNotNull="true"
    PrecisionRule="true"
    EntityAttrName="CreatedBy"
    EntityUsage="PersonsEO"
    AliasName="CREATED_BY"
    IsUpdateable="false"/>
  <ViewAttribute
    Name="CreationDate"
    IsNotNull="true"
    PrecisionRule="true"
    EntityAttrName="CreationDate"
    EntityUsage="PersonsEO"
    AliasName="CREATION_DATE"
    IsUpdateable="false"/>
  <ViewAttribute
    Name="LastUpdatedBy"
    IsNotNull="true"
    PrecisionRule="true"
    EntityAttrName="LastUpdatedBy"
    EntityUsage="PersonsEO"
    AliasName="LAST_UPDATED_BY"
    IsUpdateable="false"/>
  <ViewAttribute
    Name="LastUpdateDate"
    IsNotNull="true"
    PrecisionRule="true"
    EntityAttrName="LastUpdateDate"
    EntityUsage="PersonsEO"
    AliasName="LAST_UPDATE_DATE"
    IsUpdateable="false"/>
  <ViewAttribute
    Name="ObjectVersionId"
    IsNotNull="true"
    PrecisionRule="true"
    EntityAttrName="ObjectVersionId"
    EntityUsage="PersonsEO"
    AliasName="OBJECT_VERSION_ID"
    IsUpdateable="false"/>
  <ViewAttribute
    Name="CustomerId"
    IsUnique="true"
    IsNotNull="true"
    PrecisionRule="true"
    EntityAttrName="CustomerId"
    EntityUsage="CustomerInterestsEO"
    AliasName="CUSTOMER_ID"/>
  <ViewAttribute
    Name="CategoryId"
    IsUnique="true"
    IsNotNull="true"
    PrecisionRule="true"
    EntityAttrName="CategoryId"
    EntityUsage="CustomerInterestsEO"
    AliasName="CATEGORY_ID"/>
  <ViewAttribute
    Name="CustomerInterestsId"
    IsNotNull="true"
    PrecisionRule="true"
    EntityAttrName="CustomerInterestsId"
    EntityUsage="CustomerInterestsEO"
    AliasName="CUSTOMER_INTERESTS_ID"/>
  <ViewAttribute
    Name="Address1"
    IsNotNull="true"
    PrecisionRule="true"
    EntityAttrName="Address1"
    EntityUsage="AddressesEO"
    AliasName="ADDRESS1"/>
  <ViewAttribute
    Name="Address2"
    PrecisionRule="true"
    EntityAttrName="Address2"
    EntityUsage="AddressesEO"
    AliasName="ADDRESS2"/>
  <ViewAttribute
    Name="AddressId"
    IsNotNull="true"
    PrecisionRule="true"
    EntityAttrName="AddressId"
    EntityUsage="AddressesEO"
    AliasName="ADDRESS_ID"
    IsUpdateable="while_insert"/>
  <ViewAttribute
    Name="City"
    IsNotNull="true"
    PrecisionRule="true"
    EntityAttrName="City"
    EntityUsage="AddressesEO"
    AliasName="CITY"/>
  <ViewAttribute
    Name="CountryId"
    IsNotNull="true"
    PrecisionRule="true"
    EntityAttrName="CountryId"
    EntityUsage="AddressesEO"
    AliasName="COUNTRY_ID"/>
  <ViewAttribute
    Name="Latitude"
    PrecisionRule="true"
    EntityAttrName="Latitude"
    EntityUsage="AddressesEO"
    AliasName="LATITUDE"/>
  <ViewAttribute
    Name="Longitude"
    PrecisionRule="true"
    EntityAttrName="Longitude"
    EntityUsage="AddressesEO"
    AliasName="LONGITUDE"/>
  <ViewAttribute
    Name="ObjectVersionId1"
    IsNotNull="true"
    PrecisionRule="true"
    EntityAttrName="ObjectVersionId"
    EntityUsage="AddressesEO"
    AliasName="OBJECT_VERSION_ID1"
    IsUpdateable="false"/>
  <ViewAttribute
    Name="PostalCode"
    PrecisionRule="true"
    EntityAttrName="PostalCode"
    EntityUsage="AddressesEO"
    AliasName="POSTAL_CODE"/>
  <ViewAttribute
    Name="StateProvince"
    IsNotNull="true"
    PrecisionRule="true"
    EntityAttrName="StateProvince"
    EntityUsage="AddressesEO"
    AliasName="STATE_PROVINCE"/>
  <ViewAttribute
    Name="ContactableCheckBox"
    IsSelected="false"
    IsPersistent="false"
    PrecisionRule="true"
    Type="java.lang.Boolean"
    ColumnType="NUMBER"
    AliasName="VIEW_ATTR"
    SQLType="VARCHAR"
    IsQueriable="false"
    Passivate="true"/>
  <ViewAttribute
    Name="ContactByAffiliatesCheckBox"
    IsSelected="false"
    IsPersistent="false"
    PrecisionRule="true"
    Type="java.lang.Boolean"
    ColumnType="NUMBER"
    AliasName="VIEW_ATTR"
    SQLType="VARCHAR"
    IsQueriable="false"
    Passivate="true"/>
  <AttrArray Name="KeyAttributes">
    <Item Value="PersonId"/>
  </AttrArray>
  <ViewLinkAccessor
    Name="PaymentOptionsVO"
    ViewLink="model.mwgl.vo.links.PaymentOptionsPersonsFkLink"
    Type="oracle.jbo.RowIterator"
    IsUpdateable="false"/>
  <ViewLinkAccessor
    Name="OrdersVO"
    ViewLink="model.mwgl.vo.links.OrdersPersonsFkLink"
    Type="oracle.jbo.RowIterator"
    IsUpdateable="false"/>
  <ViewLinkAccessor
    Name="AddressAndUsageVO"
    ViewLink="model.mwgl.vo.links.PersonsToAddressesAndUsagesLink"
    Type="oracle.jbo.RowIterator"
    IsUpdateable="false"/>
  <ViewLinkAccessor
    Name="PaymentOptionsVO1"
    ViewLink="model.mwgl.vo.links.PersonsToPaymentOptions"
    Type="oracle.jbo.RowIterator"
    IsUpdateable="false"/>
  <ResourceBundle>
    <PropertiesBundle
      PropertiesFile="model.ModelBundle"/>
  </ResourceBundle>
</ViewObject>
